2013-05-14,I000024,N00005582,James,Inhofe,X1200,2022520131184165914,900,11/19/2012,
2013-05-14,I000024,N00005582,James,Inhofe,D2000,2022520131184165926,500,12/05/2012,
2013-05-14,P000449,N00003682,Robert,Portman,K2000,2022520131184166137,1000,11/25/2012,
2013-05-14,R000307,N00005285,Pat,Roberts,K2000,2022620131184535394,1000,12/17/2012,
2013-05-14,M000355,N00003389,Mitch,McConnell,Y4000,2022620131184535477,1000,12/26/2012,
2013-05-14,M000355,N00003389,Mitch,McConnell,G5270,2022620131184535490,500,12/28/2012,
2013-05-14,M000355,N00003389,Mitch,McConnell,F2100,2022620131184535504,250,12/06/2012,
2013-05-14,M000355,N00003389,Mitch,McConnell,F0000,2022620131184535516,500,12/19/2012,
2013-05-14,M000355,N00003389,Mitch,McConnell,F3000,2022620131184535517,500,12/21/2012,
2013-05-14,M000355,N00003389,Mitch,McConnell,Y4000,2022620131184535551,500,12/11/2012,
2013-05-14,M000355,N00003389,Mitch,McConnell,G2850,2022620131184535589,1000,12/20/2012,
2013-05-14,M000355,N00003389,Mitch,McConnell,Y4000,2022620131184535603,500,12/11/2012,
2013-05-14,M000355,N00003389,Mitch,McConnell,F3100,2022620131184535629,500,11/30/2012,
2013-05-14,M000355,N00003389,Mitch,McConnell,K2000,2022620131184535631,1000,12/20/2012,
2013-05-14,M000355,N00003389,Mitch,McConnell,H3400,2022620131184535635,2500,12/28/2012,
2013-05-14,M000355,N00003389,Mitch,McConnell,F1100,2022620131184535640,500,12/13/2012,
2013-05-14,M000355,N00003389,Mitch,McConnell,F2100,2022620131184535665,500,12/12/2012,
2013-05-14,M000355,N00003389,Mitch,McConnell,F1100,2022620131184535666,1500,12/21/2012,
2013-05-14,M000355,N00003389,Mitch,McConnell,Y2000,2022620131184535683,500,12/11/2012,
2013-05-14,M000355,N00003389,Mitch,McConnell,K2000,2022620131184535684,1000,12/19/2012,
2013-05-14,M000355,N00003389,Mitch,McConnell,K1000,2022620131184535695,975,12/19/2012,
2013-05-14,M000355,N00003389,Mitch,McConnell,Y4000,2022620131184535714,1000,12/11/2012,
2013-05-14,M000355,N00003389,Mitch,McConnell,K1100,2022620131184535743,250,11/30/2012,
2013-05-14,M000355,N00003389,Mitch,McConnell,F3100,2022620131184535745,250,12/31/2012,
2013-05-14,M000355,N00003389,Mitch,McConnell,F2100,2022620131184535768,1000,12/11/2012,
2013-05-14,M000355,N00003389,Mitch,McConnell,K2000,2022620131184535819,1000,12/26/2012,
2013-05-14,M000355,N00003389,Mitch,McConnell,G0000,2022620131184535830,2500,12/28/2012,
2013-05-14,M000355,N00003389,Mitch,McConnell,F1100,2022620131184535854,1500,12/19/2012,
2013-05-14,M000355,N00003389,Mitch,McConnell,F2100,2022620131184535870,750,12/31/2012,
2013-05-14,M000355,N00003389,Mitch,McConnell,F3100,2022620131184535898,500,12/28/2012,
2013-05-14,M000355,N00003389,Mitch,McConnell,M3300,2022620131184535933,2500,12/04/2012,
2013-05-14,M000355,N00003389,Mitch,McConnell,F3100,2022620131184535935,500,12/31/2012,
2013-05-14,M000355,N00003389,Mitch,McConnell,F3100,2022620131184535944,2000,12/19/2012,
2013-05-14,M000355,N00003389,Mitch,McConnell,F1100,2022620131184535947,500,12/11/2012,
2013-05-14,M000355,N00003389,Mitch,McConnell,K2000,2022620131184536089,1000,12/31/2012,
2013-05-14,M000355,N00003389,Mitch,McConnell,K2000,2022620131184536090,1000,12/31/2012,
2013-05-14,T000461,N00001489,Patrick,Toomey,J1100,2022620131184545606,250,11/15/2012,
2013-05-14,T000461,N00001489,Patrick,Toomey,H4500,2022620131184545642,500,11/13/2012,
2013-05-14,T000461,N00001489,Patrick,Toomey,Y4000,2022620131184545654,2500,12/28/2012,
2013-05-14,T000461,N00001489,Patrick,Toomey,H1500,2022620131184545723,250,12/28/2012,
2013-05-14,T000461,N00001489,Patrick,Toomey,F1420,2022620131184545724,275,11/28/2012,
2013-05-14,T000461,N00001489,Patrick,Toomey,J1100,2022620131184545782,500,11/15/2012,
2013-05-14,T000461,N00001489,Patrick,Toomey,X1200,2022620131184545835,300,11/16/2012,
2013-05-14,T000461,N00001489,Patrick,Toomey,F1420,2022620131184545869,275,11/28/2012,
2013-05-14,T000461,N00001489,Patrick,Toomey,X1200,2022620131184545876,500,11/15/2012,
2013-05-14,T000461,N00001489,Patrick,Toomey,F2100,2022620131184545998,2500,11/13/2012,
2013-05-14,T000461,N00001489,Patrick,Toomey,Y4000,2022620131184546097,1000,11/19/2012,
2013-05-14,T000461,N00001489,Patrick,Toomey,J1100,2022620131184546102,1500,11/16/2012,
2013-05-14,T000461,N00001489,Patrick,Toomey,H4300,2022620131184546124,500,11/13/2012,
2013-05-14,T000461,N00001489,Patrick,Toomey,Y4000,2022620131184546166,1000,12/28/2012,
2013-05-14,T000461,N00001489,Patrick,Toomey,E1150,2022620131184546218,2500,12/17/2012,
2013-05-14,T000461,N00001489,Patrick,Toomey,X1200,2022620131184546231,200,11/16/2012,
2013-05-14,T000461,N00001489,Patrick,Toomey,X1200,2022620131184546253,500,11/16/2012,
2013-05-14,T000461,N00001489,Patrick,Toomey,F2100,2022620131184546256,900,11/13/2012,
2013-05-14,T000461,N00001489,Patrick,Toomey,X1200,2022620131184546263,1000,11/13/2012,
2013-05-14,T000461,N00001489,Patrick,Toomey,X1200,2022620131184546264,1000,11/13/2012,
2013-05-14,T000461,N00001489,Patrick,Toomey,X1200,2022620131184546265,-1000,11/13/2012,
2013-05-14,C001098,N00033085,Ted,Cruz,Y2000,2022620131184547316,-7500,11/30/2012,
2013-05-14,C001098,N00033085,Ted,Cruz,F7000,2022620131184547339,-2500,11/29/2012,
2013-05-14,C001098,N00033085,Ted,Cruz,F7000,2022620131184547343,-500,12/02/2012,
2013-05-14,C001098,N00033085,Ted,Cruz,Y4000,2022620131184547358,2500,11/30/2012,
2013-05-14,C001098,N00033085,Ted,Cruz,Y2000,2022620131184547371,500,12/19/2012,
2013-05-14,C001098,N00033085,Ted,Cruz,G2850,2022620131184547375,2500,12/03/2012,
2013-05-14,C001098,N00033085,Ted,Cruz,Y2000,2022620131184547379,500,11/30/2012,
2013-05-14,C001098,N00033085,Ted,Cruz,Y2000,2022620131184547390,2500,12/02/2012,
2013-05-14,C001098,N00033085,Ted,Cruz,G2850,2022620131184547397,2500,12/19/2012,
2013-05-14,C001098,N00033085,Ted,Cruz,Y2000,2022620131184547400,250,12/19/2012,
2013-05-14,C001098,N00033085,Ted,Cruz,F1100,2022620131184547412,500,11/30/2012,
2013-05-14,C001098,N00033085,Ted,Cruz,Y4000,2022620131184547415,2000,12/19/2012,
2013-05-14,C001098,N00033085,Ted,Cruz,F4000,2022620131184553389,-500,12/31/2012,
2013-05-14,C001098,N00033085,Ted,Cruz,Y2000,2022620131184553394,-500,12/31/2012,
2013-05-14,C001098,N00033085,Ted,Cruz,F7000,2022620131184553395,-2500,12/31/2012,
2013-05-14,C001098,N00033085,Ted,Cruz,F7000,2022620131184553412,-825,12/31/2012,
2013-05-14,H000338,N00009869,Orrin,Hatch,J5100,2022820131184568745,1000,11/21/2012,
2013-05-14,H000338,N00009869,Orrin,Hatch,F5100,2022820131184568765,1000,11/15/2012,
2013-05-14,H000338,N00009869,Orrin,Hatch,F5100,2022820131184568780,2500,11/15/2012,
2013-05-14,T000250,N00004572,John,Thune,F4700,2030520131185009841,500,12/27/2012,
2013-05-14,T000250,N00004572,John,Thune,F2100,2030520131185009843,1000,12/17/2012,
2013-05-14,T000250,N00004572,John,Thune,B2000,2030520131185009850,250,11/19/2012,
2013-05-14,K000360,N00012539,Mark,Kirk,G4500,2030520131185013275,1000,11/15/2012,
2013-05-14,S001184,N00031782,Tim,Scott,X1200,2030520131185015437,1000,12/28/2012,
2013-05-14,S001184,N00031782,Tim,Scott,X1200,2030520131185015448,500,12/28/2012,
2013-05-14,S001184,N00031782,Tim,Scott,F4100,2030520131185015450,1250,12/17/2012,
2013-05-14,S001184,N00031782,Tim,Scott,F2600,2030520131185015451,250,12/28/2012,
2013-05-14,S001184,N00031782,Tim,Scott,G2900,2030520131185015455,1000,12/28/2012,
2013-05-14,S001184,N00031782,Tim,Scott,Y4000,2030520131185015457,250,12/28/2012,
2013-05-14,S001184,N00031782,Tim,Scott,X1200,2030520131185015459,1000,12/28/2012,
2013-05-14,S001184,N00031782,Tim,Scott,Y4000,4021320131183243304,250,12/01/2012,
2013-05-14,S001184,N00031782,Tim,Scott,B1500,4021320131183243317,250,12/01/2012,
2013-05-14,H001041,N00027522,Dean,Heller,K1000,1030520130013432978,1000,12/13/2012,
2013-05-14,H001041,N00027522,Dean,Heller,Y2000,1030520130013433015,-500,11/27/2012,
2013-05-14,H001041,N00027522,Dean,Heller,X1200,1030520130013432979,2500,12/19/2012,
2013-05-14,C001098,N00033085,Ted,Cruz,Y4000,2011820131179008830,250,11/15/2012,
2013-05-14,C001071,N00027441,Bob,Corker,Y2000,2012820131179358118,-2500,11/19/2012,
2013-05-14,F000444,N00009573,Jeff,Flake,J1100,2012820131179358025,-2500,11/26/2012,
2013-05-14,C001098,N00033085,Ted,Cruz,F7000,2011820131179008894,2500,11/16/2012,
2013-05-14,C001071,N00027441,Bob,Corker,Y2000,2012820131179358117,-500,11/19/2012,
2013-05-14,I000024,N00005582,James,Inhofe,K1000,2022520131184165896,250,12/05/2012,
2013-05-14,I000024,N00005582,James,Inhofe,K2000,2022520131184165945,500,11/19/2012,
2013-05-14,I000024,N00005582,James,Inhofe,Y4000,2022520131184165947,500,12/10/2012,
2013-05-14,I000024,N00005582,James,Inhofe,Y2000,2022520131184165949,500,12/05/2012,
2013-05-14,I000024,N00005582,James,Inhofe,K2000,2022520131184165950,500,12/05/2012,
2013-05-14,I000024,N00005582,James,Inhofe,G5210,2022520131184165956,500,12/05/2012,
2013-05-14,P000449,N00003682,Robert,Portman,K2000,2022520131184166129,1000,12/05/2012,
2013-05-14,I000024,N00005582,James,Inhofe,Y2000,2022520131184166736,-10,11/15/2012,
2013-05-14,R000307,N00005285,Pat,Roberts,Y4000,2022620131184535395,1000,11/14/2012,
2013-05-14,M000355,N00003389,Mitch,McConnell,Y4000,2022620131184535480,1000,12/11/2012,
2013-05-14,M000355,N00003389,Mitch,McConnell,F1100,2022620131184535491,1000,12/19/2012,
2013-05-14,M000355,N00003389,Mitch,McConnell,Y4000,2022620131184535509,500,12/28/2012,
2013-05-14,M000355,N00003389,Mitch,McConnell,F1100,2022620131184535532,1500,12/13/2012,
2013-05-14,M000355,N00003389,Mitch,McConnell,C1300,2022620131184535557,300,12/28/2012,
2013-05-14,M000355,N00003389,Mitch,McConnell,F3100,2022620131184535565,2000,11/28/2012,
2013-05-14,M000355,N00003389,Mitch,McConnell,F1100,2022620131184535582,500,12/19/2012,
2013-05-14,M000355,N00003389,Mitch,McConnell,F3100,2022620131184535595,500,11/20/2012,
2013-05-14,M000355,N00003389,Mitch,McConnell,F3100,2022620131184535639,1000,11/19/2012,
2013-05-14,M000355,N00003389,Mitch,McConnell,M3300,2022620131184535656,2500,12/04/2012,
2013-05-14,M000355,N00003389,Mitch,McConnell,Y4000,2022620131184535657,2500,11/28/2012,
2013-05-14,M000355,N00003389,Mitch,McConnell,G5210,2022620131184535689,2500,12/28/2012,
2013-05-14,M000355,N00003389,Mitch,McConnell,X1200,2022620131184535703,1000,12/20/2012,
2013-05-14,M000355,N00003389,Mitch,McConnell,H4300,2022620131184535704,1750,12/31/2012,
2013-05-14,M000355,N00003389,Mitch,McConnell,Y4000,2022620131184535719,2000,11/30/2012,
2013-05-14,M000355,N00003389,Mitch,McConnell,F1100,2022620131184535732,1000,12/28/2012,
2013-05-14,M000355,N00003389,Mitch,McConnell,Y4000,2022620131184535741,1000,12/31/2012,
2013-05-14,M000355,N00003389,Mitch,McConnell,F3100,2022620131184535751,500,12/03/2012,
2013-05-14,M000355,N00003389,Mitch,McConnell,Y4000,2022620131184535765,500,12/11/2012,
2013-05-14,M000355,N00003389,Mitch,McConnell,C1100,2022620131184535777,1000,12/12/2012,
2013-05-14,M000355,N00003389,Mitch,McConnell,G0000,2022620131184535823,2500,12/28/2012,
2013-05-14,M000355,N00003389,Mitch,McConnell,F1100,2022620131184535824,500,12/28/2012,
2013-05-14,M000355,N00003389,Mitch,McConnell,F1100,2022620131184535895,1500,12/31/2012,
2013-05-14,M000355,N00003389,Mitch,McConnell,M3300,2022620131184535908,2500,12/04/2012,
2013-05-14,M000355,N00003389,Mitch,McConnell,F1000,2022620131184535915,1000,12/04/2012,
2013-05-14,M000355,N00003389,Mitch,McConnell,Y4000,2022620131184535928,500,12/11/2012,
2013-05-14,M000355,N00003389,Mitch,McConnell,H1100,2022620131184535930,500,12/04/2012,
2013-05-14,M000355,N00003389,Mitch,McConnell,F3100,2022620131184535940,1000,12/04/2012,
2013-05-14,M000355,N00003389,Mitch,McConnell,H1100,2022620131184535957,600,11/28/2012,
2013-05-14,M000355,N00003389,Mitch,McConnell,C5120,2022620131184536065,300,12/21/2012,
2013-05-14,M000355,N00003389,Mitch,McConnell,G1100,2022620131184536071,1000,12/24/2012,
2013-05-14,M000355,N00003389,Mitch,McConnell,K2000,2022620131184536081,2500,12/24/2012,
2013-05-14,M000355,N00003389,Mitch,McConnell,K2000,2022620131184536082,1000,12/24/2012,
2013-05-14,M000355,N00003389,Mitch,McConnell,M2300,2022620131184536084,1000,12/24/2012,
2013-05-14,M000355,N00003389,Mitch,McConnell,J1100,2022620131184536085,500,12/24/2012,
2013-05-14,R000595,N00030612,Marco,Rubio,X1200,2022620131184536866,1000,12/11/2012,
2013-05-14,T000461,N00001489,Patrick,Toomey,X1200,2022620131184545531,200,11/19/2012,
2013-05-14,T000461,N00001489,Patrick,Toomey,Y4000,2022620131184545542,2500,11/15/2012,
2013-05-14,T000461,N00001489,Patrick,Toomey,M7100,2022620131184545555,500,11/13/2012,
2013-05-14,T000461,N00001489,Patrick,Toomey,J1100,2022620131184545557,250,12/19/2012,
2013-05-14,T000461,N00001489,Patrick,Toomey,F4500,2022620131184545598,500,12/14/2012,
2013-05-14,T000461,N00001489,Patrick,Toomey,H1400,2022620131184545628,1000,12/17/2012,
2013-05-14,T000461,N00001489,Patrick,Toomey,K1000,2022620131184545738,250,11/28/2012,
2013-05-14,T000461,N00001489,Patrick,Toomey,B6000,2022620131184545753,500,12/28/2012,
2013-05-14,T000461,N00001489,Patrick,Toomey,Y4000,2022620131184545773,250,12/28/2012,
2013-05-14,T000461,N00001489,Patrick,Toomey,X1200,2022620131184545781,2500,12/28/2012,
2013-05-14,T000461,N00001489,Patrick,Toomey,Y4000,2022620131184545793,500,11/13/2012,
2013-05-14,T000461,N00001489,Patrick,Toomey,F3300,2022620131184545837,500,11/28/2012,
2013-05-14,T000461,N00001489,Patrick,Toomey,K1000,2022620131184545894,1000,12/12/2012,
2013-05-14,T000461,N00001489,Patrick,Toomey,Y1000,2022620131184545903,2000,11/13/2012,
2013-05-14,T000461,N00001489,Patrick,Toomey,J1100,2022620131184545912,2250,11/19/2012,
2013-05-14,T000461,N00001489,Patrick,Toomey,J1100,2022620131184545919,250,11/16/2012,
2013-05-14,T000461,N00001489,Patrick,Toomey,Y4000,2022620131184545926,1000,12/28/2012,
2013-05-14,T000461,N00001489,Patrick,Toomey,F7000,2022620131184545942,1000,11/16/2012,
2013-05-14,T000461,N00001489,Patrick,Toomey,Y4000,2022620131184545956,2500,11/13/2012,
2013-05-14,T000461,N00001489,Patrick,Toomey,X1200,2022620131184545958,200,11/16/2012,
2013-05-14,T000461,N00001489,Patrick,Toomey,F4200,2022620131184545983,500,12/28/2012,
2013-05-14,T000461,N00001489,Patrick,Toomey,Y4000,2022620131184545985,1000,12/17/2012,
2013-05-14,T000461,N00001489,Patrick,Toomey,X1200,2022620131184546023,250,11/16/2012,
2013-05-14,T000461,N00001489,Patrick,Toomey,F0000,2022620131184546066,500,11/13/2012,
2013-05-14,T000461,N00001489,Patrick,Toomey,Y4000,2022620131184546122,250,11/19/2012,
2013-05-14,S001141,N00003062,Jefferson,Sessions,X1200,2022020131183680175,2500,11/13/2012,
2013-05-14,S001141,N00003062,Jefferson,Sessions,X1200,2022020131183680176,2500,11/13/2012,
2013-05-14,T000461,N00001489,Patrick,Toomey,Y4000,2022620131184546132,1000,12/17/2012,
2013-05-14,T000461,N00001489,Patrick,Toomey,F3200,2022620131184546155,500,11/28/2012,
2013-05-14,T000461,N00001489,Patrick,Toomey,B6000,2022620131184546167,500,12/28/2012,
2013-05-14,T000461,N00001489,Patrick,Toomey,F1420,2022620131184546199,425,11/28/2012,
2013-05-14,T000461,N00001489,Patrick,Toomey,E1150,2022620131184546219,1000,12/28/2012,
2013-05-14,T000461,N00001489,Patrick,Toomey,X1200,2022620131184546228,2500,12/28/2012,
2013-05-14,T000461,N00001489,Patrick,Toomey,F2100,2022620131184546258,-900,11/19/2012,
2013-05-14,C001098,N00033085,Ted,Cruz,F2500,2022620131184547308,-1000,12/12/2012,
2013-05-14,C001098,N00033085,Ted,Cruz,F2500,2022620131184547310,1000,12/12/2012,
2013-05-14,C001098,N00033085,Ted,Cruz,Y2000,2022620131184547322,-2500,11/30/2012,
2013-05-14,C001098,N00033085,Ted,Cruz,Y2000,2022620131184547324,2500,11/30/2012,
2013-05-14,C001098,N00033085,Ted,Cruz,F7000,2022620131184547335,2500,11/29/2012,
2013-05-14,C001098,N00033085,Ted,Cruz,F7000,2022620131184547338,-2500,11/29/2012,
2013-05-14,C001098,N00033085,Ted,Cruz,Y4000,2022620131184547348,1000,12/11/2012,
2013-05-14,C001098,N00033085,Ted,Cruz,J1100,2022620131184547351,500,12/17/2012,
2013-05-14,C001098,N00033085,Ted,Cruz,Y2000,2022620131184547359,2500,12/19/2012,
2013-05-14,C001098,N00033085,Ted,Cruz,Y4000,2022620131184547363,2500,12/19/2012,
2013-05-14,C001098,N00033085,Ted,Cruz,G2850,2022620131184547367,2500,12/19/2012,
2013-05-14,C001098,N00033085,Ted,Cruz,G2850,2022620131184547368,500,12/19/2012,
2013-05-14,C001098,N00033085,Ted,Cruz,E1150,2022620131184547381,-7500,12/02/2012,
2013-05-14,C001098,N00033085,Ted,Cruz,Y2000,2022620131184547386,7500,12/02/2012,
2013-05-14,C001098,N00033085,Ted,Cruz,Y4000,2022620131184547402,2500,12/19/2012,
2013-05-14,C001098,N00033085,Ted,Cruz,E1150,2022620131184547410,-2500,12/01/2012,
2013-05-14,C001098,N00033085,Ted,Cruz,G5200,2022620131184547413,2500,12/17/2012,
2013-05-14,C001098,N00033085,Ted,Cruz,Y2000,2022620131184553398,-500,12/31/2012,
2013-05-14,C001098,N00033085,Ted,Cruz,G2900,2022620131184553399,-45,12/31/2012,
2013-05-14,C001098,N00033085,Ted,Cruz,Y4000,2022620131184553413,-2500,12/31/2012,
2013-05-14,C001098,N00033085,Ted,Cruz,J1100,2022620131184553415,-1000,12/31/2012,
2013-05-14,S000320,N00009920,Richard,Shelby,H2200,2022720131184558017,2500,11/21/2012,
2013-05-14,H000338,N00009869,Orrin,Hatch,F2300,2022820131184568693,500,11/21/2012,
2013-05-14,H000338,N00009869,Orrin,Hatch,F4100,2022820131184568767,500,11/21/2012,
2013-05-14,I000024,N00005582,James,Inhofe,Y4000,2022520131184165912,250,11/19/2012,
2013-05-14,I000024,N00005582,James,Inhofe,D2000,2022520131184165927,-250,12/06/2012,
2013-05-14,M000355,N00003389,Mitch,McConnell,F4100,2022620131184535481,2500,11/21/2012,
2013-05-14,M000355,N00003389,Mitch,McConnell,Y1000,2022620131184535484,750,12/31/2012,
2013-05-14,M000355,N00003389,Mitch,McConnell,Y4000,2022620131184535485,250,12/11/2012,
2013-05-14,M000355,N00003389,Mitch,McConnell,G5270,2022620131184535488,1000,12/28/2012,
2013-05-14,M000355,N00003389,Mitch,McConnell,F1100,2022620131184535505,500,12/28/2012,
2013-05-14,M000355,N00003389,Mitch,McConnell,F3100,2022620131184535521,500,11/19/2012,
2013-05-14,M000355,N00003389,Mitch,McConnell,F3100,2022620131184535530,250,12/19/2012,
2013-05-14,M000355,N00003389,Mitch,McConnell,C2400,2022620131184535537,2500,12/31/2012,
2013-05-14,M000355,N00003389,Mitch,McConnell,F1100,2022620131184535541,500,12/13/2012,
2013-05-14,M000355,N00003389,Mitch,McConnell,Y4000,2022620131184535546,500,12/11/2012,
2013-05-14,M000355,N00003389,Mitch,McConnell,C1300,2022620131184535568,2500,11/21/2012,
2013-05-14,M000355,N00003389,Mitch,McConnell,Y4000,2022620131184535571,250,12/11/2012,
2013-05-14,M000355,N00003389,Mitch,McConnell,Y4000,2022620131184535590,1000,11/21/2012,
2013-05-14,M000355,N00003389,Mitch,McConnell,F3100,2022620131184535606,250,12/31/2012,
2013-05-14,M000355,N00003389,Mitch,McConnell,G5250,2022620131184535625,1000,12/31/2012,
2013-05-14,M000355,N00003389,Mitch,McConnell,X3000,2022620131184535627,500,12/28/2012,
2013-05-14,M000355,N00003389,Mitch,McConnell,F1100,2022620131184535690,500,11/28/2012,
2013-05-14,M000355,N00003389,Mitch,McConnell,F1100,2022620131184535706,2000,12/11/2012,
2013-05-14,M000355,N00003389,Mitch,McConnell,F1100,2022620131184535747,500,12/19/2012,
2013-05-14,M000355,N00003389,Mitch,McConnell,Y4000,2022620131184535750,500,12/11/2012,
2013-05-14,M000355,N00003389,Mitch,McConnell,F3100,2022620131184535769,1000,12/11/2012,
2013-05-14,M000355,N00003389,Mitch,McConnell,F1100,2022620131184535802,1500,12/19/2012,
2013-05-14,M000355,N00003389,Mitch,McConnell,F1100,2022620131184535807,500,12/19/2012,
2013-05-14,M000355,N00003389,Mitch,McConnell,F3100,2022620131184535810,500,12/04/2012,
2013-05-14,M000355,N00003389,Mitch,McConnell,F1100,2022620131184535826,500,12/11/2012,
2013-05-14,M000355,N00003389,Mitch,McConnell,F2600,2022620131184535828,2500,12/31/2012,
2013-05-14,M000355,N00003389,Mitch,McConnell,F1100,2022620131184535834,500,12/11/2012,
2013-05-14,M000355,N00003389,Mitch,McConnell,F1100,2022620131184535847,500,12/31/2012,
2013-05-14,M000355,N00003389,Mitch,McConnell,Y4000,2022620131184535860,2000,11/30/2012,
2013-05-14,M000355,N00003389,Mitch,McConnell,F1100,2022620131184535927,1500,12/19/2012,
2013-05-14,M000355,N00003389,Mitch,McConnell,F1000,2022620131184535931,1000,12/13/2012,
2013-05-14,M000355,N00003389,Mitch,McConnell,Y4000,2022620131184535934,450,12/11/2012,
2013-05-14,M000355,N00003389,Mitch,McConnell,K2000,2022620131184536068,2500,12/24/2012,
2013-05-14,M000355,N00003389,Mitch,McConnell,K2000,2022620131184536091,2500,12/31/2012,
2013-05-14,R000595,N00030612,Marco,Rubio,Y2000,2022620131184536832,250,12/04/2012,
2013-05-14,R000595,N00030612,Marco,Rubio,Y4000,2022620131184536861,250,11/19/2012,
2013-05-14,F000444,N00009573,Jeff,Flake,K1000,2030520131185009061,1000,12/12/2012,
2013-05-14,C001056,N00024852,John,Cornyn,K1000,2030520131185009137,1000,12/29/2012,
2013-05-14,C001056,N00024852,John,Cornyn,K1000,2030520131185009155,500,12/12/2012,
2013-05-14,C001056,N00024852,John,Cornyn,K1000,2030520131185009156,500,12/11/2012,
2013-05-14,C001056,N00024852,John,Cornyn,F3100,2030520131185009160,500,12/19/2012,
2013-05-14,T000250,N00004572,John,Thune,F4700,2030520131185009602,1000,12/31/2012,
2013-05-14,T000250,N00004572,John,Thune,J1100,2030520131185009656,200,11/16/2012,
2013-05-14,A000368,N00030980,Kelly,Ayotte,C5100,2030520131185011265,500,12/23/2012,
2013-05-14,K000360,N00012539,Mark,Kirk,Y1000,2030520131185013255,200,11/15/2012,
2013-05-14,K000360,N00012539,Mark,Kirk,X1200,2030520131185013284,1000,11/15/2012,
2013-05-14,K000360,N00012539,Mark,Kirk,X1200,2030520131185013320,250,11/15/2012,
2013-05-14,K000360,N00012539,Mark,Kirk,X1200,2030520131185013339,500,11/19/2012,
2013-05-14,K000360,N00012539,Mark,Kirk,B1500,2030520131185013343,200,11/15/2012,
2013-05-14,T000461,N00001489,Patrick,Toomey,G5200,2022620131184545526,1000,12/12/2012,
2013-05-14,T000461,N00001489,Patrick,Toomey,E1210,2022620131184545535,2500,11/13/2012,
2013-05-14,T000461,N00001489,Patrick,Toomey,T5100,2022620131184545548,250,11/16/2012,
2013-05-14,T000461,N00001489,Patrick,Toomey,Y4000,2022620131184545603,1000,12/17/2012,
2013-05-14,T000461,N00001489,Patrick,Toomey,Y4000,2022620131184545605,2500,12/28/2012,
2013-05-14,T000461,N00001489,Patrick,Toomey,F1420,2022620131184545611,275,11/28/2012,
2013-05-14,T000461,N00001489,Patrick,Toomey,X1200,2022620131184545644,250,11/16/2012,
2013-05-14,T000461,N00001489,Patrick,Toomey,F7000,2022620131184545646,1000,11/16/2012,
2013-05-14,T000461,N00001489,Patrick,Toomey,X1200,2022620131184545683,1000,11/16/2012,
2013-05-14,T000461,N00001489,Patrick,Toomey,K1000,2022620131184545695,250,11/28/2012,
2013-05-14,T000461,N00001489,Patrick,Toomey,F2100,2022620131184545750,2500,11/13/2012,
2013-05-14,T000461,N00001489,Patrick,Toomey,J1100,2022620131184545759,1000,12/12/2012,
2013-05-14,T000461,N00001489,Patrick,Toomey,K1000,2022620131184545815,500,12/12/2012,
2013-05-14,T000461,N00001489,Patrick,Toomey,Y4000,2022620131184545817,250,12/28/2012,
2013-05-14,T000461,N00001489,Patrick,Toomey,Y4000,2022620131184545863,250,11/14/2012,
2013-05-14,T000461,N00001489,Patrick,Toomey,F1000,2022620131184545888,500,11/13/2012,
2013-05-14,T000461,N00001489,Patrick,Toomey,M2300,2022620131184545893,1000,11/15/2012,
2013-05-14,T000461,N00001489,Patrick,Toomey,K1000,2022620131184545932,2500,11/26/2012,
2013-05-14,T000461,N00001489,Patrick,Toomey,F4000,2022620131184545934,1000,12/12/2012,
2013-05-14,T000461,N00001489,Patrick,Toomey,J1100,2022620131184545939,250,11/16/2012,
2013-05-14,T000461,N00001489,Patrick,Toomey,X1200,2022620131184545970,2500,12/28/2012,
2013-05-14,T000461,N00001489,Patrick,Toomey,K1000,2022620131184546131,250,11/16/2012,
2013-05-14,T000461,N00001489,Patrick,Toomey,F4000,2022620131184546141,1000,12/12/2012,
2013-05-14,T000461,N00001489,Patrick,Toomey,G4900,2022620131184546185,500,12/28/2012,
2013-05-14,T000461,N00001489,Patrick,Toomey,J1100,2022620131184546202,200,11/16/2012,
2013-05-14,T000461,N00001489,Patrick,Toomey,F2100,2022620131184546257,900,11/19/2012,
2013-05-14,C001098,N00033085,Ted,Cruz,F7000,2022620131184547336,2500,11/29/2012,
2013-05-14,C001098,N00033085,Ted,Cruz,F7000,2022620131184547340,2500,11/29/2012,
2013-05-14,C001098,N00033085,Ted,Cruz,F7000,2022620131184547341,2500,11/29/2012,
2013-05-14,C001098,N00033085,Ted,Cruz,X1200,2022620131184547349,1000,11/30/2012,
2013-05-14,C001098,N00033085,Ted,Cruz,G2850,2022620131184547350,5000,12/19/2012,
2013-05-14,C001098,N00033085,Ted,Cruz,Y4000,2022620131184547370,1500,11/30/2012,
2013-05-14,C001098,N00033085,Ted,Cruz,Y2000,2022620131184547395,2500,12/19/2012,
2013-05-14,C001098,N00033085,Ted,Cruz,G2850,2022620131184547403,5000,12/19/2012,
2013-05-14,C001098,N00033085,Ted,Cruz,H2100,2022620131184553396,-1410,12/31/2012,
2013-05-14,C001098,N00033085,Ted,Cruz,F1410,2022620131184553401,-2500,12/31/2012,
2013-05-14,C001098,N00033085,Ted,Cruz,Y2000,2022620131184553403,-3030,12/31/2012,
2013-05-14,C001098,N00033085,Ted,Cruz,T1100,2022620131184553408,-500,12/31/2012,
2013-05-14,C001098,N00033085,Ted,Cruz,G2900,2022620131184553410,-2500,12/31/2012,
2013-05-14,C001098,N00033085,Ted,Cruz,Y2000,2022620131184553414,-1750,12/31/2012,
2013-05-14,S001184,N00031782,Tim,Scott,K1000,2030520131185015432,500,12/21/2012,
2013-05-14,S001184,N00031782,Tim,Scott,A5200,2030520131185015444,1000,12/28/2012,
2013-05-14,S001184,N00031782,Tim,Scott,Y4000,2030520131185015458,250,12/28/2012,
2013-05-14,S000320,N00009920,Richard,Shelby,B4400,2022720131184558008,1000,12/19/2012,
2013-05-14,H000338,N00009869,Orrin,Hatch,F5100,2022820131184568805,1000,11/21/2012,
2013-05-14,H000338,N00009869,Orrin,Hatch,F4100,2022820131184568812,500,11/21/2012,
2013-05-14,I000024,N00005582,James,Inhofe,E1000,2022520131184165890,500,12/05/2012,
2013-05-14,I000024,N00005582,James,Inhofe,Y4000,2022520131184165911,1000,11/19/2012,
2013-05-14,P000449,N00003682,Robert,Portman,G5200,2022520131184166133,1000,12/19/2012,
2013-05-14,M000355,N00003389,Mitch,McConnell,M5200,2022620131184535475,1000,11/28/2012,
2013-05-14,M000355,N00003389,Mitch,McConnell,F1100,2022620131184535476,250,12/28/2012,
2013-05-14,M000355,N00003389,Mitch,McConnell,Y2000,2022620131184535502,2500,12/31/2012,
2013-05-14,M000355,N00003389,Mitch,McConnell,F3100,2022620131184535503,500,12/06/2012,
2013-05-14,M000355,N00003389,Mitch,McConnell,F0000,2022620131184535550,1500,12/19/2012,
2013-05-14,M000355,N00003389,Mitch,McConnell,F3100,2022620131184535561,300,12/15/2012,
2013-05-14,M000355,N00003389,Mitch,McConnell,F3100,2022620131184535591,1500,12/28/2012,
2013-05-14,M000355,N00003389,Mitch,McConnell,F5000,2022620131184535616,1000,12/13/2012,
2013-05-14,M000355,N00003389,Mitch,McConnell,K2000,2022620131184535619,900,11/27/2012,
2013-05-14,M000355,N00003389,Mitch,McConnell,F1100,2022620131184535624,1000,12/19/2012,
2013-05-14,M000355,N00003389,Mitch,McConnell,F3000,2022620131184535636,2000,12/21/2012,
2013-05-14,M000355,N00003389,Mitch,McConnell,F3100,2022620131184535641,500,12/11/2012,
2013-05-14,M000355,N00003389,Mitch,McConnell,F3100,2022620131184535650,350,12/03/2012,
2013-05-14,M000355,N00003389,Mitch,McConnell,F1100,2022620131184535654,1500,12/19/2012,
2013-05-14,M000355,N00003389,Mitch,McConnell,Y4000,2022620131184535664,2500,11/28/2012,
2013-05-14,M000355,N00003389,Mitch,McConnell,F1000,2022620131184535697,250,12/11/2012,
2013-05-14,M000355,N00003389,Mitch,McConnell,Y4000,2022620131184535726,500,12/11/2012,
2013-05-14,M000355,N00003389,Mitch,McConnell,F1000,2022620131184535739,300,12/11/2012,
2013-05-14,M000355,N00003389,Mitch,McConnell,F3100,2022620131184535742,500,12/31/2012,
2013-05-14,M000355,N00003389,Mitch,McConnell,K2000,2022620131184535758,500,12/26/2012,
2013-05-14,M000355,N00003389,Mitch,McConnell,Y4000,2022620131184535805,250,12/20/2012,
2013-05-14,M000355,N00003389,Mitch,McConnell,F3100,2022620131184535812,1300,12/10/2012,
2013-05-14,M000355,N00003389,Mitch,McConnell,F3100,2022620131184535832,250,11/26/2012,
2013-05-14,M000355,N00003389,Mitch,McConnell,F1100,2022620131184535839,250,12/05/2012,
2013-05-14,M000355,N00003389,Mitch,McConnell,F1100,2022620131184535843,1000,12/11/2012,
2013-05-14,M000355,N00003389,Mitch,McConnell,F3100,2022620131184535856,250,11/19/2012,
2013-05-14,M000355,N00003389,Mitch,McConnell,F1200,2022620131184535864,250,12/05/2012,
2013-05-14,M000355,N00003389,Mitch,McConnell,Y4000,2022620131184535876,500,12/11/2012,
2013-05-14,M000355,N00003389,Mitch,McConnell,F1100,2022620131184535877,500,12/19/2012,
2013-05-14,M000355,N00003389,Mitch,McConnell,G7000,2022620131184535893,1000,12/20/2012,
2013-05-14,M000355,N00003389,Mitch,McConnell,G7000,2022620131184535894,1000,12/20/2012,
2013-05-14,M000355,N00003389,Mitch,McConnell,F1100,2022620131184535918,1000,12/28/2012,
2013-05-14,M000355,N00003389,Mitch,McConnell,F1000,2022620131184535923,250,12/11/2012,
2013-05-14,M000355,N00003389,Mitch,McConnell,F1100,2022620131184535924,500,12/19/2012,
2013-05-14,M000355,N00003389,Mitch,McConnell,Y4000,2022620131184535925,1000,11/13/2012,
2013-05-14,M000355,N00003389,Mitch,McConnell,F3100,2022620131184535936,500,11/19/2012,
2013-05-14,M000355,N00003389,Mitch,McConnell,F1100,2022620131184535946,-500,12/11/2012,
2013-05-14,M000355,N00003389,Mitch,McConnell,H1100,2022620131184535958,-600,11/28/2012,
2013-05-14,M000355,N00003389,Mitch,McConnell,K2000,2022620131184536083,500,12/24/2012,
2013-05-14,R000122,N00000362,John,Reed,Y4000,2022220131184105379,250,11/23/2012,
2013-05-14,R000122,N00000362,John,Reed,X5000,2022220131184105380,300,12/20/2012,
2013-05-14,I000024,N00005582,James,Inhofe,Y4000,2022520131184165957,2500,11/19/2012,
2013-05-14,C001056,N00024852,John,Cornyn,K1000,2030520131185009145,1000,12/11/2012,
2013-05-14,T000250,N00004572,John,Thune,B4400,2030520131185009593,250,11/15/2012,
2013-05-14,T000250,N00004572,John,Thune,F2100,2030520131185009624,1500,11/23/2012,
2013-05-14,T000250,N00004572,John,Thune,F4700,2030520131185009777,1000,12/27/2012,
2013-05-14,M000355,N00003389,Mitch,McConnell,F3100,2022620131184535472,500,11/17/2012,
2013-05-14,M000355,N00003389,Mitch,McConnell,Y4000,2022620131184535482,500,12/11/2012,
2013-05-14,M000355,N00003389,Mitch,McConnell,F3300,2022620131184535495,500,12/13/2012,
2013-05-14,M000355,N00003389,Mitch,McConnell,Y4000,2022620131184535498,500,12/13/2012,
2013-05-14,M000355,N00003389,Mitch,McConnell,F1100,2022620131184535506,1500,12/13/2012,
2013-05-14,M000355,N00003389,Mitch,McConnell,Y4000,2022620131184535511,2500,12/28/2012,
2013-05-14,M000355,N00003389,Mitch,McConnell,J1100,2022620131184535513,500,11/15/2012,
2013-05-14,M000355,N00003389,Mitch,McConnell,Y4000,2022620131184535545,500,12/19/2012,
2013-05-14,M000355,N00003389,Mitch,McConnell,K2000,2022620131184535554,200,12/18/2012,
2013-05-14,M000355,N00003389,Mitch,McConnell,Y4000,2022620131184535579,1000,12/11/2012,
2013-05-14,M000355,N00003389,Mitch,McConnell,F3100,2022620131184535581,250,12/12/2012,
2013-05-14,M000355,N00003389,Mitch,McConnell,H3400,2022620131184535604,2500,12/28/2012,
2013-05-14,M000355,N00003389,Mitch,McConnell,F3100,2022620131184535617,1000,12/10/2012,
2013-05-14,M000355,N00003389,Mitch,McConnell,Y4000,2022620131184535618,1000,12/11/2012,
2013-05-14,M000355,N00003389,Mitch,McConnell,F3100,2022620131184535622,500,12/31/2012,
2013-05-14,M000355,N00003389,Mitch,McConnell,H3400,2022620131184535632,2500,12/28/2012,
2013-05-14,M000355,N00003389,Mitch,McConnell,F1000,2022620131184535671,1000,12/11/2012,
2013-05-14,M000355,N00003389,Mitch,McConnell,F1000,2022620131184535673,500,12/13/2012,
2013-05-14,M000355,N00003389,Mitch,McConnell,Y4000,2022620131184535677,500,12/11/2012,
2013-05-14,M000355,N00003389,Mitch,McConnell,F2600,2022620131184535705,2500,12/31/2012,
2013-05-14,M000355,N00003389,Mitch,McConnell,F2100,2022620131184535707,750,12/31/2012,
2013-05-14,M000355,N00003389,Mitch,McConnell,F1100,2022620131184535728,1000,12/28/2012,
2013-05-14,M000355,N00003389,Mitch,McConnell,F1100,2022620131184535766,1000,12/19/2012,
2013-05-14,M000355,N00003389,Mitch,McConnell,H1400,2022620131184535767,500,12/04/2012,
2013-05-14,M000355,N00003389,Mitch,McConnell,C4100,2022620131184535781,1000,12/13/2012,
2013-05-14,M000355,N00003389,Mitch,McConnell,F1100,2022620131184535795,1000,12/11/2012,
2013-05-14,M000355,N00003389,Mitch,McConnell,F1100,2022620131184535809,1000,12/06/2012,
2013-05-14,M000355,N00003389,Mitch,McConnell,F3100,2022620131184535822,475,11/30/2012,
2013-05-14,M000355,N00003389,Mitch,McConnell,Y4000,2022620131184535846,1000,12/11/2012,
2013-05-14,M000355,N00003389,Mitch,McConnell,Y4000,2022620131184535848,1500,12/21/2012,
2013-05-14,M000355,N00003389,Mitch,McConnell,K2000,2022620131184535852,1000,11/13/2012,
2013-05-14,M000355,N00003389,Mitch,McConnell,F1100,2022620131184535858,500,12/13/2012,
2013-05-14,M000355,N00003389,Mitch,McConnell,F1100,2022620131184535875,1500,12/19/2012,
2013-05-14,M000355,N00003389,Mitch,McConnell,C1300,2022620131184535883,2500,11/21/2012,
2013-05-14,M000355,N00003389,Mitch,McConnell,Y4000,2022620131184535920,500,12/11/2012,
2013-05-14,M000355,N00003389,Mitch,McConnell,H1100,2022620131184535956,2500,11/28/2012,
2013-05-14,M000355,N00003389,Mitch,McConnell,K1000,2022620131184536062,1000,12/21/2012,
2013-05-14,M000355,N00003389,Mitch,McConnell,F5000,2022620131184536066,2500,12/21/2012,
2013-05-14,M000355,N00003389,Mitch,McConnell,F5100,2022620131184536087,1000,12/31/2012,
2013-05-14,M000355,N00003389,Mitch,McConnell,K1000,2022620131184536088,1000,12/31/2012,
2013-05-14,E000285,N00006249,Michael,Enzi,K2000,2022620131184536125,500,12/23/2012,
2013-05-14,K000360,N00012539,Mark,Kirk,Y4000,2030520131185013289,300,11/15/2012,
2013-05-14,K000360,N00012539,Mark,Kirk,G2350,2030520131185013311,2500,11/15/2012,
2013-05-14,R000595,N00030612,Marco,Rubio,Y2000,2022620131184536848,250,12/04/2012,
2013-05-14,K000360,N00012539,Mark,Kirk,Y2000,2030520131185013328,250,11/15/2012,
2013-05-14,K000360,N00012539,Mark,Kirk,Y4000,2030520131185013334,2500,11/15/2012,
2013-05-14,K000360,N00012539,Mark,Kirk,C1100,2030520131185013345,200,11/15/2012,
2013-05-14,K000360,N00012539,Mark,Kirk,Y4000,2030520131185013346,1000,11/15/2012,
2013-05-14,K000360,N00012539,Mark,Kirk,Y4000,2030520131185013352,250,11/15/2012,
2013-05-14,T000461,N00001489,Patrick,Toomey,F7000,2022620131184545553,250,11/19/2012,
2013-05-14,T000461,N00001489,Patrick,Toomey,J1100,2022620131184545600,200,11/19/2012,
2013-05-14,T000461,N00001489,Patrick,Toomey,E1100,2022620131184545617,500,12/28/2012,
2013-05-14,T000461,N00001489,Patrick,Toomey,Y4000,2022620131184545620,250,12/19/2012,
2013-05-14,T000461,N00001489,Patrick,Toomey,G2910,2022620131184545645,1500,12/12/2012,
2013-05-14,T000461,N00001489,Patrick,Toomey,Y2000,2022620131184545647,500,11/13/2012,
2013-05-14,R000595,N00030612,Marco,Rubio,F1100,2022620131184536869,2500,12/04/2012,
2013-05-14,T000461,N00001489,Patrick,Toomey,K2000,2022620131184545656,500,11/28/2012,
2013-05-14,T000461,N00001489,Patrick,Toomey,E1150,2022620131184545777,1000,12/14/2012,
2013-05-14,T000461,N00001489,Patrick,Toomey,M1000,2022620131184545791,2500,12/28/2012,
2013-05-14,T000461,N00001489,Patrick,Toomey,X3000,2022620131184545792,300,11/16/2012,
2013-05-14,T000461,N00001489,Patrick,Toomey,H4100,2022620131184545844,1000,12/28/2012,
2013-05-14,T000461,N00001489,Patrick,Toomey,J1100,2022620131184545856,200,11/16/2012,
2013-05-14,T000461,N00001489,Patrick,Toomey,B1000,2022620131184545873,1000,12/17/2012,
2013-05-14,T000461,N00001489,Patrick,Toomey,J1100,2022620131184545933,200,11/16/2012,
2013-05-14,T000461,N00001489,Patrick,Toomey,F5100,2022620131184545936,1000,11/28/2012,
2013-05-14,T000461,N00001489,Patrick,Toomey,X1200,2022620131184545982,2500,12/28/2012,
2013-05-14,T000461,N00001489,Patrick,Toomey,B1500,2022620131184546007,1000,12/21/2012,
2013-05-14,T000461,N00001489,Patrick,Toomey,X1200,2022620131184546079,250,11/16/2012,
2013-05-14,T000461,N00001489,Patrick,Toomey,X1200,2022620131184546143,1000,11/16/2012,
2013-05-14,T000461,N00001489,Patrick,Toomey,J1100,2022620131184546229,400,11/16/2012,
2013-05-14,C001098,N00033085,Ted,Cruz,Y2000,2022620131184547323,-2500,11/30/2012,
2013-05-14,C001098,N00033085,Ted,Cruz,Y2000,2022620131184547325,2500,11/30/2012,
2013-05-14,C001098,N00033085,Ted,Cruz,F7000,2022620131184547333,-2500,11/29/2012,
2013-05-14,C001098,N00033085,Ted,Cruz,G3000,2022620131184547347,1000,12/19/2012,
2013-05-14,C001098,N00033085,Ted,Cruz,G2850,2022620131184547372,2500,12/19/2012,
2013-05-14,C001098,N00033085,Ted,Cruz,E1150,2022620131184547383,-2500,12/02/2012,
2013-05-14,C001098,N00033085,Ted,Cruz,E1150,2022620131184547384,2500,12/02/2012,
2013-05-14,C001098,N00033085,Ted,Cruz,Y2000,2022620131184547388,-2500,12/02/2012,
2013-05-14,C001098,N00033085,Ted,Cruz,G2850,2022620131184547399,1500,12/19/2012,
2013-05-14,C001098,N00033085,Ted,Cruz,K1000,2022620131184547404,2500,11/30/2012,
2013-05-14,C001098,N00033085,Ted,Cruz,Y2000,2022620131184553402,-500,12/31/2012,
2013-05-14,C001098,N00033085,Ted,Cruz,F4100,2022620131184553404,-25,12/31/2012,
2013-05-14,C001098,N00033085,Ted,Cruz,Y2000,2022620131184553405,-3000,12/31/2012,
2013-05-14,S001184,N00031782,Tim,Scott,J1100,2030520131185015454,250,12/20/2012,
2013-05-14,S000320,N00009920,Richard,Shelby,B4400,2022720131184558011,2500,12/19/2012,
2013-05-14,I000024,N00005582,James,Inhofe,X1200,2022520131184165918,1000,11/19/2012,
2013-05-14,I000024,N00005582,James,Inhofe,Y4000,2022520131184165919,250,12/05/2012,
2013-05-14,P000449,N00003682,Robert,Portman,Y4000,2022520131184166131,1000,12/20/2012,
2013-05-14,T000461,N00001489,Patrick,Toomey,E1140,2022620131184545581,2500,11/13/2012,
2013-05-14,T000461,N00001489,Patrick,Toomey,F5100,2022620131184545648,500,11/13/2012,
2013-05-14,T000461,N00001489,Patrick,Toomey,E1000,2022620131184545661,250,11/15/2012,
2013-05-14,T000461,N00001489,Patrick,Toomey,J1100,2022620131184545674,300,11/16/2012,
2013-05-14,T000461,N00001489,Patrick,Toomey,X1200,2022620131184545691,200,11/16/2012,
2013-05-14,T000461,N00001489,Patrick,Toomey,J1100,2022620131184545709,200,11/16/2012,
2013-05-14,T000461,N00001489,Patrick,Toomey,F1400,2022620131184545736,250,12/28/2012,
2013-05-14,T000461,N00001489,Patrick,Toomey,E1000,2022620131184545748,1250,11/28/2012,
2013-05-14,T000461,N00001489,Patrick,Toomey,F3300,2022620131184545752,250,11/15/2012,
2013-05-14,T000461,N00001489,Patrick,Toomey,G4100,2022620131184545779,1000,11/19/2012,
2013-05-14,T000461,N00001489,Patrick,Toomey,Y2000,2022620131184545787,1000,11/28/2012,
2013-05-14,T000461,N00001489,Patrick,Toomey,X1200,2022620131184545884,250,12/28/2012,
2013-05-14,T000461,N00001489,Patrick,Toomey,J1100,2022620131184545906,250,11/19/2012,
2013-05-14,T000461,N00001489,Patrick,Toomey,F3200,2022620131184545955,1000,11/28/2012,
2013-05-14,T000461,N00001489,Patrick,Toomey,F2100,2022620131184546014,250,11/16/2012,
2013-05-14,T000461,N00001489,Patrick,Toomey,E1110,2022620131184546038,500,11/16/2012,
2013-05-14,T000461,N00001489,Patrick,Toomey,Y4000,2022620131184546106,1000,12/12/2012,
2013-05-14,T000461,N00001489,Patrick,Toomey,J1100,2022620131184546129,200,11/16/2012,
2013-05-14,T000461,N00001489,Patrick,Toomey,X1200,2022620131184546138,200,11/15/2012,
2013-05-14,T000461,N00001489,Patrick,Toomey,G0000,2022620131184546149,1000,11/13/2012,
2013-05-14,T000461,N00001489,Patrick,Toomey,J1100,2022620131184546165,-1000,12/17/2012,
2013-05-14,T000461,N00001489,Patrick,Toomey,K1000,2022620131184546178,400,11/16/2012,
2013-05-14,T000461,N00001489,Patrick,Toomey,X1200,2022620131184546206,500,12/28/2012,
2013-05-14,T000461,N00001489,Patrick,Toomey,X5000,2022620131184546227,600,11/16/2012,
2013-05-14,C001098,N00033085,Ted,Cruz,F7000,2022620131184547332,7500,11/29/2012,
2013-05-14,C001098,N00033085,Ted,Cruz,F7000,2022620131184547334,-2500,11/29/2012,
2013-05-14,C001098,N00033085,Ted,Cruz,F7000,2022620131184547337,-7500,11/29/2012,
2013-05-14,C001098,N00033085,Ted,Cruz,F7000,2022620131184547344,500,12/02/2012,
2013-05-14,C001098,N00033085,Ted,Cruz,Y2000,2022620131184547345,500,12/17/2012,
2013-05-14,C001098,N00033085,Ted,Cruz,H1100,2022620131184547362,2500,12/06/2012,
2013-05-14,C001098,N00033085,Ted,Cruz,C2400,2022620131184547365,2500,12/02/2012,
2013-05-14,C001098,N00033085,Ted,Cruz,G2850,2022620131184547374,-2500,12/03/2012,
2013-05-14,C001098,N00033085,Ted,Cruz,Y2000,2022620131184547387,-2500,12/02/2012,
2013-05-14,C001098,N00033085,Ted,Cruz,G2850,2022620131184547391,500,12/19/2012,
2013-05-14,C001098,N00033085,Ted,Cruz,G2850,2022620131184547393,500,12/19/2012,
2013-05-14,C001098,N00033085,Ted,Cruz,G2850,2022620131184547418,1500,12/19/2012,
2013-05-14,C001098,N00033085,Ted,Cruz,Y1000,2022620131184547420,2500,11/30/2012,
2013-05-14,C001098,N00033085,Ted,Cruz,M5000,2022620131184547421,-2500,11/30/2012,
2013-05-14,C001098,N00033085,Ted,Cruz,X1200,2022620131184553387,-2500,12/31/2012,
2013-05-14,I000024,N00005582,James,Inhofe,K2000,2022520131184165921,1000,12/05/2012,
2013-05-14,I000024,N00005582,James,Inhofe,D2000,2022520131184165928,250,12/06/2012,
2013-05-14,I000024,N00005582,James,Inhofe,Y4000,2022520131184165939,1000,12/21/2012,
2013-05-14,I000024,N00005582,James,Inhofe,A1000,2022520131184165943,250,12/07/2012,
2013-05-14,R000307,N00005285,Pat,Roberts,Y4000,2022620131184535393,250,11/14/2012,
2013-05-14,M000355,N00003389,Mitch,McConnell,F1100,2022620131184535486,1000,12/19/2012,
2013-05-14,M000355,N00003389,Mitch,McConnell,Y4000,2022620131184535494,250,12/07/2012,
2013-05-14,M000355,N00003389,Mitch,McConnell,Y4000,2022620131184535512,500,12/11/2012,
2013-05-14,M000355,N00003389,Mitch,McConnell,F3100,2022620131184535535,250,12/31/2012,
2013-05-14,M000355,N00003389,Mitch,McConnell,F3100,2022620131184535549,1000,11/20/2012,
2013-05-14,M000355,N00003389,Mitch,McConnell,Y4000,2022620131184535558,1000,12/31/2012,
2013-05-14,M000355,N00003389,Mitch,McConnell,F0000,2022620131184535576,1000,12/04/2012,
2013-05-14,M000355,N00003389,Mitch,McConnell,Y4000,2022620131184535585,1000,11/26/2012,
2013-05-14,M000355,N00003389,Mitch,McConnell,Y4000,2022620131184535600,2000,12/11/2012,
2013-05-14,M000355,N00003389,Mitch,McConnell,F1000,2022620131184535613,500,12/11/2012,
2013-05-14,M000355,N00003389,Mitch,McConnell,B1500,2022620131184535642,2500,12/04/2012,
2013-05-14,M000355,N00003389,Mitch,McConnell,F2100,2022620131184535668,500,11/26/2012,
2013-05-14,M000355,N00003389,Mitch,McConnell,G7000,2022620131184535681,1000,12/20/2012,
2013-05-14,M000355,N00003389,Mitch,McConnell,F3100,2022620131184535733,500,12/12/2012,
2013-05-14,M000355,N00003389,Mitch,McConnell,F3100,2022620131184535755,500,12/18/2012,
2013-05-14,M000355,N00003389,Mitch,McConnell,F1100,2022620131184535772,500,12/13/2012,
2013-05-14,M000355,N00003389,Mitch,McConnell,C1300,2022620131184535783,1000,12/13/2012,
2013-05-14,M000355,N00003389,Mitch,McConnell,H4300,2022620131184535787,250,12/19/2012,
2013-05-14,M000355,N00003389,Mitch,McConnell,Y4000,2022620131184535804,500,12/04/2012,
2013-05-14,M000355,N00003389,Mitch,McConnell,Y4000,2022620131184535815,500,12/04/2012,
2013-05-14,M000355,N00003389,Mitch,McConnell,H1130,2022620131184535835,500,12/11/2012,
2013-05-14,M000355,N00003389,Mitch,McConnell,F1100,2022620131184535859,1500,12/21/2012,
2013-05-14,M000355,N00003389,Mitch,McConnell,K2000,2022620131184535884,800,12/18/2012,
2013-05-14,M000355,N00003389,Mitch,McConnell,F3100,2022620131184535903,500,11/26/2012,
2013-05-14,M000355,N00003389,Mitch,McConnell,M3300,2022620131184535905,1000,12/12/2012,
2013-05-14,M000355,N00003389,Mitch,McConnell,F3300,2022620131184535917,500,12/13/2012,
2013-05-14,M000355,N00003389,Mitch,McConnell,H1100,2022620131184535921,500,12/04/2012,
2013-05-14,M000355,N00003389,Mitch,McConnell,F1100,2022620131184535945,1000,12/11/2012,
2013-05-14,M000355,N00003389,Mitch,McConnell,K1000,2022620131184535960,675,12/31/2012,
2013-05-14,M000355,N00003389,Mitch,McConnell,C5120,2022620131184536064,1000,12/21/2012,
2013-05-14,M000355,N00003389,Mitch,McConnell,K2000,2022620131184536070,500,12/24/2012,
2013-05-14,M000355,N00003389,Mitch,McConnell,K1000,2022620131184536086,500,12/24/2012,
2013-05-14,M000355,N00003389,Mitch,McConnell,F4100,2022620131184536099,2500,12/21/2012,
2013-05-14,R000307,N00005285,Pat,Roberts,K2000,2022620131184535391,500,12/17/2012,
2013-05-14,R000307,N00005285,Pat,Roberts,K2000,2022620131184535392,1000,12/26/2012,
2013-05-14,M000355,N00003389,Mitch,McConnell,H3400,2022620131184535483,2500,12/28/2012,
2013-05-14,M000355,N00003389,Mitch,McConnell,F1000,2022620131184535487,500,12/11/2012,
2013-05-14,M000355,N00003389,Mitch,McConnell,K1000,2022620131184535515,200,12/31/2012,
2013-05-14,M000355,N00003389,Mitch,McConnell,F3100,2022620131184535555,250,11/15/2012,
2013-05-14,M000355,N00003389,Mitch,McConnell,Y4000,2022620131184535569,500,12/11/2012,
2013-05-14,M000355,N00003389,Mitch,McConnell,Y4000,2022620131184535593,250,12/11/2012,
2013-05-14,M000355,N00003389,Mitch,McConnell,G5210,2022620131184535597,2500,12/28/2012,
2013-05-14,M000355,N00003389,Mitch,McConnell,Y4000,2022620131184535598,300,12/04/2012,
2013-05-14,M000355,N00003389,Mitch,McConnell,Y4000,2022620131184535633,1000,12/11/2012,
2013-05-14,S000320,N00009920,Richard,Shelby,B4400,2022720131184558007,1000,12/19/2012,
2013-05-14,M000355,N00003389,Mitch,McConnell,Y1000,2022620131184535662,2500,12/20/2012,
2013-05-14,M000355,N00003389,Mitch,McConnell,Y4000,2022620131184535667,500,12/11/2012,
2013-05-14,M000355,N00003389,Mitch,McConnell,K1000,2022620131184535674,250,12/31/2012,
2013-05-14,M000355,N00003389,Mitch,McConnell,K1000,2022620131184535678,1000,12/04/2012,
2013-05-14,M000355,N00003389,Mitch,McConnell,H1130,2022620131184535679,1000,12/04/2012,
2013-05-14,M000355,N00003389,Mitch,McConnell,K2000,2022620131184535687,500,12/11/2012,
2013-05-14,M000355,N00003389,Mitch,McConnell,Y4000,2022620131184535701,500,12/04/2012,
2013-05-14,M000355,N00003389,Mitch,McConnell,F1000,2022620131184535702,2000,12/31/2012,
2013-05-14,M000355,N00003389,Mitch,McConnell,K2000,2022620131184535735,1000,12/13/2012,
2013-05-14,M000355,N00003389,Mitch,McConnell,F1100,2022620131184535744,500,12/11/2012,
2013-05-14,M000355,N00003389,Mitch,McConnell,F1100,2022620131184535746,500,12/11/2012,
2013-05-14,M000355,N00003389,Mitch,McConnell,F1000,2022620131184535752,500,12/11/2012,
2013-05-14,M000355,N00003389,Mitch,McConnell,T9100,2022620131184535761,1000,11/21/2012,
2013-05-14,M000355,N00003389,Mitch,McConnell,Y4000,2022620131184535790,500,12/04/2012,
2013-05-14,M000355,N00003389,Mitch,McConnell,F3100,2022620131184535794,500,11/19/2012,
2013-05-14,M000355,N00003389,Mitch,McConnell,Y4000,2022620131184535814,1000,12/11/2012,
2013-05-14,M000355,N00003389,Mitch,McConnell,F4000,2022620131184535829,1000,12/20/2012,
2013-05-14,M000355,N00003389,Mitch,McConnell,E1620,2022620131184535865,1000,11/13/2012,
2013-05-14,M000355,N00003389,Mitch,McConnell,F3100,2022620131184535878,500,12/06/2012,
2013-05-14,M000355,N00003389,Mitch,McConnell,G7000,2022620131184535904,2500,12/20/2012,
2013-05-14,M000355,N00003389,Mitch,McConnell,F3100,2022620131184535919,200,12/10/2012,
2013-05-14,M000355,N00003389,Mitch,McConnell,C5120,2022620131184536063,1000,12/21/2012,
2013-05-14,M000355,N00003389,Mitch,McConnell,F5000,2022620131184536100,2500,12/21/2012,
2013-05-14,R000595,N00030612,Marco,Rubio,X1200,2022620131184536892,400,11/14/2012,
2013-05-14,H000338,N00009869,Orrin,Hatch,F4100,2022820131184568800,1000,11/21/2012,
2013-05-14,H000338,N00009869,Orrin,Hatch,F3100,2022820131184568819,500,11/15/2012,
2013-05-14,T000250,N00004572,John,Thune,F7000,2030520131185009610,1000,11/15/2012,
2013-05-14,T000250,N00004572,John,Thune,F2500,2030520131185009623,2000,11/23/2012,
2013-05-14,T000461,N00001489,Patrick,Toomey,Y4000,2022620131184545544,1000,12/12/2012,
2013-05-14,T000461,N00001489,Patrick,Toomey,X1200,2022620131184545552,250,11/15/2012,
2013-05-14,T000461,N00001489,Patrick,Toomey,X1200,2022620131184545566,200,11/16/2012,
2013-05-14,T000461,N00001489,Patrick,Toomey,Y4000,2022620131184545637,1000,12/21/2012,
2013-05-14,T000461,N00001489,Patrick,Toomey,B1000,2022620131184545643,500,12/17/2012,
2013-05-14,T000461,N00001489,Patrick,Toomey,F3200,2022620131184545766,1000,11/14/2012,
2013-05-14,T000461,N00001489,Patrick,Toomey,Y1000,2022620131184545794,2000,12/12/2012,
2013-05-14,T000461,N00001489,Patrick,Toomey,Y4000,2022620131184545806,500,11/13/2012,
2013-05-14,T000461,N00001489,Patrick,Toomey,E1150,2022620131184545839,1000,12/17/2012,
2013-05-14,T000461,N00001489,Patrick,Toomey,Y4000,2022620131184545854,500,11/16/2012,
2013-05-14,T000461,N00001489,Patrick,Toomey,F4000,2022620131184545883,200,11/16/2012,
2013-05-14,T000461,N00001489,Patrick,Toomey,F3200,2022620131184545935,1000,11/28/2012,
2013-05-14,T000461,N00001489,Patrick,Toomey,X1200,2022620131184545960,500,11/16/2012,
2013-05-14,T000461,N00001489,Patrick,Toomey,J1100,2022620131184546008,250,11/16/2012,
2013-05-14,T000461,N00001489,Patrick,Toomey,Y2000,2022620131184546009,1000,12/12/2012,
2013-05-14,T000461,N00001489,Patrick,Toomey,X1200,2022620131184546042,200,11/19/2012,
2013-05-14,T000461,N00001489,Patrick,Toomey,X1200,2022620131184546070,500,11/16/2012,
2013-05-14,T000461,N00001489,Patrick,Toomey,M1000,2022620131184546094,2500,12/28/2012,
2013-05-14,T000461,N00001489,Patrick,Toomey,E1100,2022620131184546158,500,12/28/2012,
2013-05-14,T000461,N00001489,Patrick,Toomey,A2000,2022620131184546184,250,11/16/2012,
2013-05-14,T000461,N00001489,Patrick,Toomey,F1420,2022620131184546187,425,11/28/2012,
2013-05-14,T000461,N00001489,Patrick,Toomey,H4300,2022620131184546188,1000,11/13/2012,
2013-05-14,A000368,N00030980,Kelly,Ayotte,K2000,2030520131185011289,1000,12/07/2012,
2013-05-14,T000461,N00001489,Patrick,Toomey,C5000,2022620131184546237,500,11/13/2012,
2013-05-14,C001098,N00033085,Ted,Cruz,Y2000,2022620131184547305,2500,12/22/2012,
2013-05-14,C001098,N00033085,Ted,Cruz,Y2000,2022620131184547306,-2500,12/22/2012,
2013-05-14,C001098,N00033085,Ted,Cruz,F2500,2022620131184547309,-500,12/12/2012,
2013-05-14,C001098,N00033085,Ted,Cruz,Y2000,2022620131184547317,-2500,11/30/2012,
2013-05-14,C001098,N00033085,Ted,Cruz,Y2000,2022620131184547320,2500,11/30/2012,
2013-05-14,C001098,N00033085,Ted,Cruz,Y2000,2022620131184547321,7500,11/30/2012,
2013-05-14,C001098,N00033085,Ted,Cruz,F2500,2022620131184547327,-2500,12/03/2012,
2013-05-14,C001098,N00033085,Ted,Cruz,F2500,2022620131184547329,2500,12/03/2012,
2013-05-14,C001098,N00033085,Ted,Cruz,G2850,2022620131184547346,2500,12/19/2012,
2013-05-14,C001098,N00033085,Ted,Cruz,Y4000,2022620131184547352,1000,11/30/2012,
2013-05-14,C001098,N00033085,Ted,Cruz,T2300,2022620131184547357,-2500,11/30/2012,
2013-05-14,C001098,N00033085,Ted,Cruz,E1120,2022620131184547366,-2500,12/02/2012,
2013-05-14,C001098,N00033085,Ted,Cruz,Y2000,2022620131184547377,-2500,12/13/2012,
2013-05-14,C001098,N00033085,Ted,Cruz,Y2000,2022620131184547378,2500,12/13/2012,
2013-05-14,C001098,N00033085,Ted,Cruz,Y2000,2022620131184547389,2500,12/02/2012,
2013-05-14,C001098,N00033085,Ted,Cruz,K1000,2022620131184547411,2000,11/29/2012,
2013-05-14,C001098,N00033085,Ted,Cruz,Y1000,2022620131184547417,1000,12/17/2012,
2013-05-14,C001098,N00033085,Ted,Cruz,Y2000,2022620131184553388,-2520,12/31/2012,
2013-05-14,C001098,N00033085,Ted,Cruz,F1100,2022620131184553411,-90,12/31/2012,
2013-05-14,I000024,N00005582,James,Inhofe,K2000,2022520131184165933,1000,12/05/2012,
2013-05-14,P000449,N00003682,Robert,Portman,K1200,2022520131184166127,1000,12/05/2012,
2013-05-14,T000461,N00001489,Patrick,Toomey,X1200,2022620131184545527,250,11/16/2012,
2013-05-14,K000360,N00012539,Mark,Kirk,F7000,2030520131185013249,250,11/15/2012,
2013-05-14,K000360,N00012539,Mark,Kirk,F2100,2030520131185013250,300,11/15/2012,
2013-05-14,K000360,N00012539,Mark,Kirk,X1200,2030520131185013281,2500,12/10/2012,
2013-05-14,K000360,N00012539,Mark,Kirk,X1200,2030520131185013312,500,11/15/2012,
2013-05-14,T000461,N00001489,Patrick,Toomey,F2100,2022620131184545612,2500,11/13/2012,
2013-05-14,T000461,N00001489,Patrick,Toomey,F4200,2022620131184545641,1000,12/12/2012,
2013-05-14,T000461,N00001489,Patrick,Toomey,E1150,2022620131184545663,2500,12/17/2012,
2013-05-14,T000461,N00001489,Patrick,Toomey,F2100,2022620131184545707,2500,12/28/2012,
2013-05-14,T000461,N00001489,Patrick,Toomey,Y4000,2022620131184545717,250,11/19/2012,
2013-05-14,T000461,N00001489,Patrick,Toomey,J1100,2022620131184545775,250,11/16/2012,
2013-05-14,T000461,N00001489,Patrick,Toomey,H1130,2022620131184545784,300,11/19/2012,
2013-05-14,T000461,N00001489,Patrick,Toomey,X1200,2022620131184545848,250,11/15/2012,
2013-05-14,T000461,N00001489,Patrick,Toomey,Y2000,2022620131184545871,500,11/13/2012,
2013-05-14,T000461,N00001489,Patrick,Toomey,H4500,2022620131184545914,1000,11/13/2012,
2013-05-14,T000461,N00001489,Patrick,Toomey,E1210,2022620131184545940,1500,11/13/2012,
2013-05-14,T000461,N00001489,Patrick,Toomey,H4100,2022620131184545977,500,12/28/2012,
2013-05-14,T000461,N00001489,Patrick,Toomey,J1100,2022620131184545993,200,11/16/2012,
2013-05-14,T000461,N00001489,Patrick,Toomey,F1420,2022620131184546077,275,11/28/2012,
2013-05-14,T000461,N00001489,Patrick,Toomey,G5200,2022620131184546087,500,11/13/2012,
2013-05-14,T000461,N00001489,Patrick,Toomey,C4100,2022620131184546114,500,11/16/2012,
2013-05-14,T000461,N00001489,Patrick,Toomey,Y4000,2022620131184546139,1000,12/28/2012,
2013-05-14,T000461,N00001489,Patrick,Toomey,E1140,2022620131184546140,2500,11/13/2012,
2013-05-14,T000461,N00001489,Patrick,Toomey,F3200,2022620131184546190,500,11/28/2012,
2013-05-14,T000461,N00001489,Patrick,Toomey,Y4000,2022620131184546262,500,11/13/2012,
2013-05-14,K000360,N00012539,Mark,Kirk,Y4000,2030520131185013341,2500,11/15/2012,
2013-05-14,W000802,N00027533,Sheldon,Whitehouse,K1000,2030520131185013405,2500,12/26/2012,
2013-05-14,W000802,N00027533,Sheldon,Whitehouse,K1000,2030520131185013406,2500,12/26/2012,
2013-05-14,H000338,N00009869,Orrin,Hatch,C5140,2022620131184535388,2500,12/05/2012,
2013-05-14,M000355,N00003389,Mitch,McConnell,F1200,2022620131184535492,500,12/11/2012,
2013-05-14,C001098,N00033085,Ted,Cruz,F2500,2022620131184547311,500,12/12/2012,
2013-05-14,C001098,N00033085,Ted,Cruz,E1120,2022620131184547354,2500,12/09/2012,
2013-05-14,C001098,N00033085,Ted,Cruz,E1120,2022620131184547355,-2500,12/09/2012,
2013-05-14,C001098,N00033085,Ted,Cruz,H1100,2022620131184547361,-2500,12/06/2012,
2013-05-14,C001098,N00033085,Ted,Cruz,Y4000,2022620131184547369,500,11/30/2012,
2013-05-14,C001098,N00033085,Ted,Cruz,E1150,2022620131184547382,-2500,12/02/2012,
2013-05-14,C001098,N00033085,Ted,Cruz,K2000,2022620131184547398,2500,12/19/2012,
2013-05-14,C001098,N00033085,Ted,Cruz,G5600,2022620131184547407,1666,12/12/2012,
2013-05-14,C001098,N00033085,Ted,Cruz,Y2000,2022620131184547409,2500,12/01/2012,
2013-05-14,M000355,N00003389,Mitch,McConnell,Y4000,2022620131184535533,500,12/11/2012,
2013-05-14,M000355,N00003389,Mitch,McConnell,H1130,2022620131184535538,1000,12/04/2012,
2013-05-14,M000355,N00003389,Mitch,McConnell,K1000,2022620131184535543,500,12/04/2012,
2013-05-14,M000355,N00003389,Mitch,McConnell,F3100,2022620131184535553,500,11/26/2012,
2013-05-14,M000355,N00003389,Mitch,McConnell,F1100,2022620131184535559,500,12/19/2012,
2013-05-14,M000355,N00003389,Mitch,McConnell,F1100,2022620131184535580,1000,12/28/2012,
2013-05-14,M000355,N00003389,Mitch,McConnell,Y4000,2022620131184535599,1000,12/31/2012,
2013-05-14,M000355,N00003389,Mitch,McConnell,Y4000,2022620131184535614,500,12/11/2012,
2013-05-14,M000355,N00003389,Mitch,McConnell,Y4000,2022620131184535637,500,12/11/2012,
2013-05-14,M000355,N00003389,Mitch,McConnell,F3100,2022620131184535651,500,11/30/2012,
2013-05-14,M000355,N00003389,Mitch,McConnell,F1100,2022620131184535652,1000,12/13/2012,
2013-05-14,M000355,N00003389,Mitch,McConnell,M3300,2022620131184535699,2500,12/04/2012,
2013-05-14,M000355,N00003389,Mitch,McConnell,F5000,2022620131184535708,1000,12/07/2012,
2013-05-14,M000355,N00003389,Mitch,McConnell,F3100,2022620131184535709,1000,12/07/2012,
2013-05-14,M000355,N00003389,Mitch,McConnell,F1100,2022620131184535717,500,12/31/2012,
2013-05-14,M000355,N00003389,Mitch,McConnell,F2100,2022620131184535725,1000,12/13/2012,
2013-05-14,C001098,N00033085,Ted,Cruz,Y2000,2022620131184553390,-200,12/31/2012,
2013-05-14,C001098,N00033085,Ted,Cruz,Y2000,2022620131184553397,-7500,12/31/2012,
2013-05-14,C001098,N00033085,Ted,Cruz,Y2000,2022620131184553407,-5000,12/31/2012,
2013-05-14,C001098,N00033085,Ted,Cruz,Y2000,2022620131184553409,-5000,12/31/2012,
2013-05-14,M000355,N00003389,Mitch,McConnell,Y4000,2022620131184535770,1000,12/11/2012,
2013-05-14,M000355,N00003389,Mitch,McConnell,F1100,2022620131184535773,1000,12/19/2012,
2013-05-14,M000355,N00003389,Mitch,McConnell,Y4000,2022620131184535775,250,12/11/2012,
2013-05-14,M000355,N00003389,Mitch,McConnell,Y2000,2022620131184535778,500,12/11/2012,
2013-05-14,M000355,N00003389,Mitch,McConnell,F3100,2022620131184535789,500,11/14/2012,
2013-05-14,M000355,N00003389,Mitch,McConnell,M1100,2022620131184535791,500,11/13/2012,
2013-05-14,M000355,N00003389,Mitch,McConnell,Y2000,2022620131184535797,500,12/11/2012,
2013-05-14,M000355,N00003389,Mitch,McConnell,F1000,2022620131184535821,1000,12/04/2012,
2013-05-14,M000355,N00003389,Mitch,McConnell,J1100,2022620131184535825,250,11/15/2012,
2013-05-14,M000355,N00003389,Mitch,McConnell,H1130,2022620131184535840,1000,11/21/2012,
2013-05-14,M000355,N00003389,Mitch,McConnell,K2000,2022620131184535844,500,12/11/2012,
2013-05-14,M000355,N00003389,Mitch,McConnell,F4100,2022620131184535880,2500,11/21/2012,
2013-05-14,M000355,N00003389,Mitch,McConnell,Y2000,2022620131184535882,250,12/11/2012,
2013-05-14,M000355,N00003389,Mitch,McConnell,F1100,2022620131184535886,1500,12/28/2012,
2013-05-14,M000355,N00003389,Mitch,McConnell,F1100,2022620131184535889,1500,12/19/2012,
2013-05-14,M000355,N00003389,Mitch,McConnell,Y4000,2022620131184535901,500,12/11/2012,
2013-05-14,M000355,N00003389,Mitch,McConnell,Y4000,2022620131184535906,250,12/31/2012,
2013-05-14,M000355,N00003389,Mitch,McConnell,F1100,2022620131184535913,1500,12/19/2012,
2013-05-14,M000355,N00003389,Mitch,McConnell,F3100,2022620131184535916,500,12/14/2012,
2013-05-14,M000355,N00003389,Mitch,McConnell,K1000,2022620131184535949,325,12/31/2012,
2013-05-14,M000355,N00003389,Mitch,McConnell,F3100,2022620131184535962,500,12/19/2012,
2013-05-14,M000355,N00003389,Mitch,McConnell,F4100,2022620131184536061,2500,12/21/2012,
2013-05-14,M000355,N00003389,Mitch,McConnell,K2000,2022620131184536069,500,12/24/2012,
2013-05-14,M000355,N00003389,Mitch,McConnell,K2000,2022620131184536080,500,12/24/2012,
2013-05-14,M000355,N00003389,Mitch,McConnell,K2000,2022620131184536095,500,12/31/2012,
2013-05-14,S000320,N00009920,Richard,Shelby,B4400,2022720131184558010,2500,12/19/2012,
2013-05-14,S000320,N00009920,Richard,Shelby,H2200,2022720131184558018,2500,11/21/2012,
2013-05-14,S001184,N00031782,Tim,Scott,X3000,2030520131185015452,250,12/28/2012,
2013-05-14,C001056,N00024852,John,Cornyn,K2000,2030520131185009127,500,12/11/2012,
2013-05-14,C001056,N00024852,John,Cornyn,K1000,2030520131185009158,500,12/11/2012,
2013-05-14,S000320,N00009920,Richard,Shelby,Y4000,2022720131184558013,2500,12/19/2012,
2013-05-14,T000250,N00004572,John,Thune,F1000,2030520131185009699,1500,11/27/2012,
2013-05-14,T000250,N00004572,John,Thune,H1100,2030520131185009856,500,12/08/2012,
2013-05-14,T000250,N00004572,John,Thune,G6550,2030520131185009857,2000,12/31/2012,
2013-05-14,A000368,N00030980,Kelly,Ayotte,K2000,2030520131185011285,500,12/03/2012,
2013-05-14,H000338,N00009869,Orrin,Hatch,F4100,2022820131184568699,1000,11/21/2012,
2013-05-14,H000338,N00009869,Orrin,Hatch,F5100,2022820131184568779,2500,11/15/2012,
2013-05-14,H000338,N00009869,Orrin,Hatch,F4100,2022820131184568772,500,11/21/2012,
2013-05-14,K000360,N00012539,Mark,Kirk,C4100,2030520131185013244,225,11/29/2012,
2013-05-14,K000360,N00012539,Mark,Kirk,X1200,2030520131185013253,250,11/14/2012,
2013-05-14,K000360,N00012539,Mark,Kirk,J1100,2030520131185013272,200,11/29/2012,
2013-05-14,K000360,N00012539,Mark,Kirk,F2600,2030520131185013291,500,11/15/2012,
2013-05-14,K000360,N00012539,Mark,Kirk,F2300,2030520131185013294,2500,11/15/2012,
2013-05-14,K000360,N00012539,Mark,Kirk,Y2000,2030520131185013305,1000,11/15/2012,
2013-05-14,K000360,N00012539,Mark,Kirk,H1100,2030520131185013322,250,11/15/2012,
2013-05-14,B001261,N00006236,John,Barrasso,Y4000,2030520131185013443,1000,12/31/2012,
2013-05-14,S001184,N00031782,Tim,Scott,Y4000,2030520131185015436,500,12/28/2012,
2013-05-14,S001184,N00031782,Tim,Scott,X1200,2030520131185015438,250,12/17/2012,
2013-05-14,S001184,N00031782,Tim,Scott,J1100,2030520131185015442,500,12/28/2012,
2013-05-14,W000802,N00027533,Sheldon,Whitehouse,Y2000,2030520131185022993,-2500,12/28/2012,
2013-05-14,T000461,N00001489,Patrick,Toomey,F1420,2022620131184545532,550,11/28/2012,
2013-05-14,T000461,N00001489,Patrick,Toomey,G2900,2022620131184545564,1000,12/28/2012,
2013-05-14,T000461,N00001489,Patrick,Toomey,F3100,2022620131184545597,360,11/16/2012,
2013-05-14,T000461,N00001489,Patrick,Toomey,K1000,2022620131184545631,1000,11/13/2012,
2013-05-14,T000461,N00001489,Patrick,Toomey,J1100,2022620131184545652,1000,11/15/2012,
2013-05-14,T000461,N00001489,Patrick,Toomey,Y4000,2022620131184545657,250,11/15/2012,
2013-05-14,T000461,N00001489,Patrick,Toomey,J1100,2022620131184545668,500,11/16/2012,
2013-05-14,T000461,N00001489,Patrick,Toomey,X1200,2022620131184545678,600,11/16/2012,
2013-05-14,T000461,N00001489,Patrick,Toomey,J1100,2022620131184545697,200,11/19/2012,
2013-05-14,T000461,N00001489,Patrick,Toomey,X1200,2022620131184545710,300,12/19/2012,
2013-05-14,T000461,N00001489,Patrick,Toomey,B1000,2022620131184545722,500,12/17/2012,
2013-05-14,T000461,N00001489,Patrick,Toomey,E1120,2022620131184545733,400,11/16/2012,
2013-05-14,T000461,N00001489,Patrick,Toomey,Y4000,2022620131184545822,1000,12/21/2012,
2013-05-14,T000461,N00001489,Patrick,Toomey,X1200,2022620131184545872,500,11/16/2012,
2013-05-14,T000461,N00001489,Patrick,Toomey,H0000,2022620131184545886,1000,11/13/2012,
2013-05-14,T000461,N00001489,Patrick,Toomey,H1400,2022620131184545902,1000,12/28/2012,
2013-05-14,T000461,N00001489,Patrick,Toomey,E1150,2022620131184545952,1000,12/17/2012,
2013-05-14,T000461,N00001489,Patrick,Toomey,Y4000,2022620131184546006,2000,12/21/2012,
2013-05-14,T000461,N00001489,Patrick,Toomey,F5100,2022620131184546047,500,11/13/2012,
2013-05-14,T000461,N00001489,Patrick,Toomey,Y4000,2022620131184546081,1460,11/16/2012,
2013-05-14,T000461,N00001489,Patrick,Toomey,F2100,2022620131184546091,2500,12/28/2012,
2013-05-14,T000461,N00001489,Patrick,Toomey,Y4000,2022620131184546125,500,11/13/2012,
2013-05-14,T000461,N00001489,Patrick,Toomey,H3400,2022620131184546150,1500,11/16/2012,
2013-05-14,T000461,N00001489,Patrick,Toomey,Y4000,2022620131184546209,2000,11/13/2012,
2013-05-14,C001098,N00033085,Ted,Cruz,F2500,2022620131184547313,-2500,12/12/2012,
2013-05-14,C001098,N00033085,Ted,Cruz,F2500,2022620131184547314,2500,12/12/2012,
2013-05-14,C001098,N00033085,Ted,Cruz,Y2000,2022620131184547318,-2500,11/30/2012,
2013-05-14,C001098,N00033085,Ted,Cruz,Y2000,2022620131184547319,2500,11/30/2012,
2013-05-14,C001098,N00033085,Ted,Cruz,F2500,2022620131184547326,7500,12/03/2012,
2013-05-14,C001098,N00033085,Ted,Cruz,F2500,2022620131184547328,-2500,12/03/2012,
2013-05-14,C001098,N00033085,Ted,Cruz,F2500,2022620131184547330,2500,12/03/2012,
2013-05-14,C001098,N00033085,Ted,Cruz,E1150,2022620131184547385,2500,12/02/2012,
2013-05-14,C001098,N00033085,Ted,Cruz,Y4000,2022620131184547392,1000,12/19/2012,
2013-05-14,C001098,N00033085,Ted,Cruz,G2850,2022620131184547394,2500,12/19/2012,
2013-05-14,C001098,N00033085,Ted,Cruz,G2850,2022620131184547396,2500,12/19/2012,
2013-05-14,C001098,N00033085,Ted,Cruz,J1100,2022620131184547401,250,11/30/2012,
2013-05-14,C001098,N00033085,Ted,Cruz,G5600,2022620131184547406,-1666,12/12/2012,
2013-05-14,C001098,N00033085,Ted,Cruz,Y4000,2022620131184547414,1000,12/19/2012,
2013-05-14,C001098,N00033085,Ted,Cruz,J5100,2022620131184547416,500,12/19/2012,
2013-05-14,C001098,N00033085,Ted,Cruz,J1100,2022620131184553391,-7500,12/31/2012,
2013-05-14,C001098,N00033085,Ted,Cruz,Y2000,2022620131184553392,-1500,12/31/2012,
2013-05-14,C001098,N00033085,Ted,Cruz,J1100,2022620131184553393,-423,12/31/2012,
2013-05-14,C001098,N00033085,Ted,Cruz,J6200,2022620131184553400,-1500,12/31/2012,
2013-05-14,C001098,N00033085,Ted,Cruz,J1100,2022620131184553406,-2500,12/31/2012,
2013-05-14,C001098,N00033085,Ted,Cruz,Y4000,2022620131184553416,-5000,12/31/2012,
2013-05-14,J000293,N00032546,Ron,Johnson,Y4000,2022720131184557890,250,12/24/2012,
2013-05-14,S000320,N00009920,Richard,Shelby,Y4000,2022720131184558012,2500,12/19/2012,
2013-05-14,H000338,N00009869,Orrin,Hatch,F5100,2022820131184568749,1000,11/21/2012,
2013-05-14,H000338,N00009869,Orrin,Hatch,F5100,2022820131184568758,1000,11/21/2012,
2013-05-14,C001056,N00024852,John,Cornyn,D3000,2030520131185009141,1000,12/01/2012,
2013-05-14,H000338,N00009869,Orrin,Hatch,F4100,2022820131184568783,500,11/21/2012,
2013-05-14,H000338,N00009869,Orrin,Hatch,F2300,2022820131184568825,500,11/21/2012,
2013-05-14,C001056,N00024852,John,Cornyn,K2000,2030520131185009122,500,12/11/2012,
2013-05-14,C001056,N00024852,John,Cornyn,F3100,2030520131185009159,500,12/19/2012,
2013-05-14,T000250,N00004572,John,Thune,F4700,2030520131185009702,500,12/27/2012,
2013-05-14,T000250,N00004572,John,Thune,X4200,2030520131185009717,500,11/16/2012,
2013-05-14,T000250,N00004572,John,Thune,F4700,2030520131185009838,1000,12/27/2012,
2013-05-14,T000250,N00004572,John,Thune,C2400,2030520131185009640,200,12/24/2012,
2013-05-14,A000368,N00030980,Kelly,Ayotte,K2000,2030520131185011266,500,11/29/2012,
2013-05-14,T000250,N00004572,John,Thune,Y4000,2030520131185009706,1000,11/15/2012,
2013-05-14,T000250,N00004572,John,Thune,K2000,2030520131185009762,1000,12/28/2012,
2013-05-14,A000368,N00030980,Kelly,Ayotte,J6200,2030520131185011273,1000,11/29/2012,
2013-05-14,A000368,N00030980,Kelly,Ayotte,F2100,2030520131185011278,500,12/20/2012,
2013-05-14,L000577,N00031696,Mike,Lee,Y2000,2030520131185011873,1000,11/21/2012,
2013-05-14,K000360,N00012539,Mark,Kirk,G2900,2030520131185013263,1000,11/15/2012,
2013-05-14,K000360,N00012539,Mark,Kirk,X1200,2030520131185013282,2500,12/10/2012,
2013-05-14,K000360,N00012539,Mark,Kirk,X1200,2030520131185013285,500,11/15/2012,
2013-05-14,B001261,N00006236,John,Barrasso,K2000,2030520131185013444,564,12/31/2012,
2013-05-14,K000360,N00012539,Mark,Kirk,F4200,2030520131185013248,250,11/15/2012,
2013-05-14,K000360,N00012539,Mark,Kirk,X1200,2030520131185013251,1000,11/15/2012,
2013-05-14,K000360,N00012539,Mark,Kirk,X1200,2030520131185013278,250,11/19/2012,
2013-05-14,K000360,N00012539,Mark,Kirk,Y1000,2030520131185013293,2500,11/15/2012,
2013-05-14,K000360,N00012539,Mark,Kirk,G2200,2030520131185013300,250,11/15/2012,
2013-05-14,W000802,N00027533,Sheldon,Whitehouse,Y1000,2030520131185013404,2500,12/26/2012,
2013-05-14,S001184,N00031782,Tim,Scott,X1200,2030520131185015433,250,12/19/2012,
2013-05-14,S001184,N00031782,Tim,Scott,X1200,2030520131185015434,250,12/17/2012,
2013-05-14,S001184,N00031782,Tim,Scott,Y4000,2030520131185015439,250,12/28/2012,
2013-05-14,S001184,N00031782,Tim,Scott,Y4000,2030520131185015440,250,12/28/2012,
2013-05-14,S001184,N00031782,Tim,Scott,Y4000,2030520131185015443,250,12/28/2012,
2013-05-14,S001184,N00031782,Tim,Scott,F5500,2030520131185015431,350,12/28/2012,
2013-05-14,S001184,N00031782,Tim,Scott,E3000,2030520131185015441,250,12/28/2012,
2013-05-14,S001184,N00031782,Tim,Scott,Y4000,2030520131185015449,500,12/28/2012,
2013-05-14,S001184,N00031782,Tim,Scott,F2500,2030520131185015453,250,12/30/2012,
2013-05-14,S001184,N00031782,Tim,Scott,F4100,2030520131185015460,1250,12/17/2012,
2013-05-14,F000444,N00009573,Jeff,Flake,T2310,2030520131185016793,-500,11/29/2012,
2013-05-14,C001056,N00024852,John,Cornyn,Y4000,2030520131185009121,500,12/08/2012,
2013-05-14,C001056,N00024852,John,Cornyn,J6200,2030520131185009144,500,12/11/2012,
2013-05-14,C001056,N00024852,John,Cornyn,K1000,2030520131185009151,500,12/11/2012,
2013-05-14,C001056,N00024852,John,Cornyn,G6550,2030520131185009157,1000,12/11/2012,
2013-05-14,T000250,N00004572,John,Thune,F4700,2030520131185009585,1000,12/27/2012,
2013-05-14,T000250,N00004572,John,Thune,Y1000,2030520131185009605,1000,11/23/2012,
2013-05-14,T000250,N00004572,John,Thune,F0000,2030520131185009725,2100,12/24/2012,
2013-05-14,T000250,N00004572,John,Thune,K2000,2030520131185009805,1500,12/17/2012,
2013-05-14,T000250,N00004572,John,Thune,Y4000,2030520131185009831,1000,12/17/2012,
2013-05-14,A000368,N00030980,Kelly,Ayotte,K2000,2030520131185011272,500,12/20/2012,
2013-05-14,K000360,N00012539,Mark,Kirk,J1100,2030520131185013295,1000,11/15/2012,
2013-05-14,W000802,N00027533,Sheldon,Whitehouse,X1200,2030520131185013407,250,11/28/2012,
2013-05-14,S001184,N00031782,Tim,Scott,X1200,2030520131185015435,250,12/17/2012,
2013-05-14,S001184,N00031782,Tim,Scott,E1000,2030520131185015445,250,12/28/2012,
2013-05-14,S001184,N00031782,Tim,Scott,X1200,2030520131185015446,1000,12/28/2012,
2013-05-14,S001184,N00031782,Tim,Scott,Y4000,2030520131185015447,1000,12/28/2012,
2013-05-14,S001184,N00031782,Tim,Scott,X1200,2030520131185015456,500,12/28/2012,
2013-05-14,T000250,N00004572,John,Thune,Y2000,2030520131185017452,-1900,12/26/2012,
2013-05-14,S001184,N00031782,Tim,Scott,Y4000,4021320131183243301,250,12/01/2012,
2013-05-14,S001184,N00031782,Tim,Scott,Y4000,4021320131183243302,250,12/01/2012,
2013-05-14,S001184,N00031782,Tim,Scott,F3100,4021320131183243307,250,12/01/2012,
2013-05-14,S001184,N00031782,Tim,Scott,F1000,4021320131183243314,1000,12/13/2012,
2013-05-14,S001184,N00031782,Tim,Scott,F3100,4021320131183243315,250,12/01/2012,
2013-05-14,S001184,N00031782,Tim,Scott,B4000,4021320131183243322,2000,12/26/2012,
2013-05-14,S001184,N00031782,Tim,Scott,M1500,4021320131183243319,200,12/04/2012,
2013-05-14,S001184,N00031782,Tim,Scott,G0000,4021320131183243299,250,12/01/2012,
2013-05-14,S001184,N00031782,Tim,Scott,Y4000,4021320131183243300,250,12/01/2012,
2013-05-14,S001184,N00031782,Tim,Scott,F4000,4021320131183243305,250,12/01/2012,
2013-05-14,S001184,N00031782,Tim,Scott,C5000,4021320131183243309,500,12/31/2012,
2013-05-14,S001184,N00031782,Tim,Scott,Y4000,4021320131183243310,250,12/01/2012,
