hr2397-113,Y000031,Failed,113,2013-06-17,L000580,yea,
hr2397-113,Y000031,Failed,113,2013-06-17,D000096,yea,
hr2397-113,Y000031,Failed,113,2013-06-17,D000399,yea,
hr2397-113,Y000031,Failed,113,2013-06-17,W000187,yea,
hr2397-113,Y000031,Failed,113,2013-06-17,D000621,yea,
hr2397-113,Y000031,Failed,113,2013-06-17,D000533,yea,
hr2397-113,Y000031,Failed,113,2013-06-17,M001190,yea,
hr2397-113,Y000031,Failed,113,2013-06-17,B001270,yea,
hr2397-113,Y000031,Failed,113,2013-06-17,B001273,yea,
hr2397-113,Y000031,Failed,113,2013-06-17,B001278,yea,
hr2397-113,Y000031,Failed,113,2013-06-17,M001177,yea,
hr2397-113,Y000031,Failed,113,2013-06-17,N000179,yea,
hr2397-113,Y000031,Failed,113,2013-06-17,C001072,yea,
hr2397-113,Y000031,Failed,113,2013-06-17,C001076,yea,
hr2397-113,Y000031,Failed,113,2013-06-17,C001077,yea,
hr2397-113,Y000031,Failed,113,2013-06-17,C001075,yea,
hr2397-113,Y000031,Failed,113,2013-06-17,C001078,yea,
hr2397-113,Y000031,Failed,113,2013-06-17,W000207,yea,
hr2397-113,Y000031,Failed,113,2013-06-17,D000197,yea,
hr2397-113,Y000031,Failed,113,2013-06-17,D000191,yea,
hr2397-113,Y000031,Failed,113,2013-06-17,G000548,yea,
hr2397-113,Y000031,Failed,113,2013-06-17,L000557,yea,
hr2397-113,Y000031,Failed,113,2013-06-17,L000551,yea,
hr2397-113,Y000031,Failed,113,2013-06-17,R000486,yea,
hr2397-113,Y000031,Failed,113,2013-06-17,K000375,yea,
hr2397-113,Y000031,Failed,113,2013-06-17,B001280,yea,
hr2397-113,Y000031,Failed,113,2013-06-17,B001283,yea,
hr2397-113,Y000031,Failed,113,2013-06-17,P000597,yea,
hr2397-113,Y000031,Failed,113,2013-06-17,P000591,yea,
hr2397-113,Y000031,Failed,113,2013-06-17,P000593,yea,
hr2397-113,Y000031,Failed,113,2013-06-17,P000592,yea,
hr2397-113,Y000031,Failed,113,2013-06-17,P000599,yea,
hr2397-113,Y000031,Failed,113,2013-06-17,P000598,yea,
hr2397-113,Y000031,Failed,113,2013-06-17,N000015,yea,
hr2397-113,Y000031,Failed,113,2013-06-17,L000562,yea,
hr2397-113,Y000031,Failed,113,2013-06-17,S000030,yea,
hr2397-113,Y000031,Failed,113,2013-06-17,L000565,yea,
hr2397-113,Y000031,Failed,113,2013-06-17,F000458,yea,
hr2397-113,Y000031,Failed,113,2013-06-17,F000459,yea,
hr2397-113,Y000031,Failed,113,2013-06-17,F000456,yea,
hr2397-113,Y000031,Failed,113,2013-06-17,F000455,yea,
hr2397-113,Y000031,Failed,113,2013-06-17,F000451,yea,
hr2397-113,Y000031,Failed,113,2013-06-17,W000799,yea,
hr2397-113,Y000031,Failed,113,2013-06-17,W000795,yea,
hr2397-113,Y000031,Failed,113,2013-06-17,T000465,yea,
hr2397-113,Y000031,Failed,113,2013-06-17,T000467,yea,
hr2397-113,Y000031,Failed,113,2013-06-17,E000288,yea,
hr2397-113,Y000031,Failed,113,2013-06-17,T000469,yea,
hr2397-113,Y000031,Failed,113,2013-06-17,M001149,yea,
hr2397-113,Y000031,Failed,113,2013-06-17,M001143,yea,
hr2397-113,Y000031,Failed,113,2013-06-17,S001170,yea,
hr2397-113,Y000031,Failed,113,2013-06-17,S001176,yea,
hr2397-113,Y000031,Failed,113,2013-06-17,R000515,yea,
hr2397-113,Y000031,Failed,113,2013-06-17,O000170,yea,
hr2397-113,Y000031,Failed,113,2013-06-17,N000002,yea,
hr2397-113,Y000031,Failed,113,2013-06-17,M000087,yea,
hr2397-113,Y000031,Failed,113,2013-06-17,S001183,yea,
hr2397-113,Y000031,Failed,113,2013-06-17,S001180,yea,
hr2397-113,Y000031,Failed,113,2013-06-17,B000013,yea,
hr2397-113,Y000031,Failed,113,2013-06-17,C001049,yea,
hr2397-113,Y000031,Failed,113,2013-06-17,R000593,yea,
hr2397-113,Y000031,Failed,113,2013-06-17,R000597,yea,
hr2397-113,Y000031,Failed,113,2013-06-17,R000053,yea,
hr2397-113,Y000031,Failed,113,2013-06-17,R000596,yea,
hr2397-113,Y000031,Failed,113,2013-06-17,M000404,yea,
hr2397-113,Y000031,Failed,113,2013-06-17,J000289,yea,
hr2397-113,Y000031,Failed,113,2013-06-17,K000220,yea,
hr2397-113,Y000031,Failed,113,2013-06-17,M001184,yea,
hr2397-113,Y000031,Failed,113,2013-06-17,M001187,yea,
hr2397-113,Y000031,Failed,113,2013-06-17,M001182,yea,
hr2397-113,Y000031,Failed,113,2013-06-17,B001262,yea,
hr2397-113,Y000031,Failed,113,2013-06-17,B001260,yea,
hr2397-113,Y000031,Failed,113,2013-06-17,F000460,yea,
hr2397-113,Y000031,Failed,113,2013-06-17,C001084,yea,
hr2397-113,Y000031,Failed,113,2013-06-17,T000266,yea,
hr2397-113,Y000031,Failed,113,2013-06-17,C001080,yea,
hr2397-113,Y000031,Failed,113,2013-06-17,S000522,yea,
hr2397-113,Y000031,Failed,113,2013-06-17,M001139,yea,
hr2397-113,Y000031,Failed,113,2013-06-17,L000287,yea,
hr2397-113,Y000031,Failed,113,2013-06-17,R000409,yea,
hr2397-113,Y000031,Failed,113,2013-06-17,G000559,yea,
hr2397-113,Y000031,Failed,113,2013-06-17,G000556,yea,
hr2397-113,Y000031,Failed,113,2013-06-17,G000552,yea,
hr2397-113,Y000031,Failed,113,2013-06-17,G000551,yea,
hr2397-113,Y000031,Failed,113,2013-06-17,M000725,yea,
hr2397-113,Y000031,Failed,113,2013-06-17,H001063,yea,
hr2397-113,Y000031,Failed,113,2013-06-17,H001068,yea,
hr2397-113,Y000031,Failed,113,2013-06-17,C000984,yea,
hr2397-113,Y000031,Failed,113,2013-06-17,R000011,yea,
hr2397-113,Y000031,Failed,113,2013-06-17,T000193,yea,
hr2397-113,Y000031,Failed,113,2013-06-17,P000588,yea,
hr2397-113,Y000031,Failed,113,2013-06-17,D000482,yea,
hr2397-113,Y000031,Failed,113,2013-06-17,B001227,yea,
hr2397-113,Y000031,Failed,113,2013-06-17,S000185,yea,
hr2397-113,Y000031,Failed,113,2013-06-17,V000132,yea,
hr2397-113,Y000031,Failed,113,2013-06-17,S000937,yea,
hr2397-113,Y000031,Failed,113,2013-06-17,N000127,yea,
hr2397-113,Y000031,Failed,113,2013-06-17,T000472,yea,
hr2397-113,Y000031,Failed,113,2013-06-17,L000573,yea,
hr2397-113,Y000031,Failed,113,2013-06-17,T000470,yea,
hr2397-113,Y000031,Failed,113,2013-06-17,M001171,yea,
hr2397-113,Y000031,Failed,113,2013-06-17,Y000033,yea,
hr2397-113,Y000031,Failed,113,2013-06-17,B001250,yea,
hr2397-113,Y000031,Failed,113,2013-06-17,B001259,yea,
hr2397-113,Y000031,Failed,113,2013-06-17,S001168,yea,
hr2397-113,Y000031,Failed,113,2013-06-17,H001059,yea,
hr2397-113,Y000031,Failed,113,2013-06-17,H001058,yea,
hr2397-113,Y000031,Failed,113,2013-06-17,H001052,yea,
hr2397-113,Y000031,Failed,113,2013-06-17,H001057,yea,
hr2397-113,Y000031,Failed,113,2013-06-17,S001175,yea,
hr2397-113,Y000031,Failed,113,2013-06-17,P000605,yea,
hr2397-113,Y000031,Failed,113,2013-06-17,P000607,yea,
hr2397-113,Y000031,Failed,113,2013-06-17,R000598,yea,
hr2397-113,Y000031,Failed,113,2013-06-17,F000030,yea,
hr2397-113,Y000031,Failed,113,2013-06-17,B000574,yea,
hr2397-113,Y000031,Failed,113,2013-06-17,G000567,yea,
hr2397-113,Y000031,Failed,113,2013-06-17,G000566,yea,
hr2397-113,Y000031,Failed,113,2013-06-17,G000565,yea,
hr2397-113,Y000031,Failed,113,2013-06-17,G000564,yea,
hr2397-113,Y000031,Failed,113,2013-06-17,G000562,yea,
hr2397-113,Y000031,Failed,113,2013-06-17,G000560,yea,
hr2397-113,Y000031,Failed,113,2013-06-17,G000568,yea,
hr2397-113,Y000031,Failed,113,2013-06-17,J000294,yea,
hr2397-113,Y000031,Failed,113,2013-06-17,L000571,yea,
hr2397-113,Y000031,Failed,113,2013-06-17,L000570,yea,
hr2397-113,Y000031,Failed,113,2013-06-17,J000290,yea,
hr2397-113,Y000031,Failed,113,2013-06-17,J000292,yea,
hr2397-113,Y000031,Failed,113,2013-06-17,L000579,yea,
hr2397-113,Y000031,Failed,113,2013-06-17,L000578,yea,
hr2397-113,Y000031,Failed,113,2013-06-17,S001186,yea,
hr2397-113,Y000031,Failed,113,2013-06-17,D000355,yea,
hr2397-113,Y000031,Failed,113,2013-06-17,D000216,yea,
hr2397-113,Y000031,Failed,113,2013-06-17,S000018,yea,
hr2397-113,Y000031,Failed,113,2013-06-17,E000215,yea,
hr2397-113,Y000031,Failed,113,2013-06-17,G000410,yea,
hr2397-113,Y000031,Failed,113,2013-06-17,C000537,yea,
hr2397-113,Y000031,Failed,113,2013-06-17,C001096,yea,
hr2397-113,Y000031,Failed,113,2013-06-17,C001097,yea,
hr2397-113,Y000031,Failed,113,2013-06-17,C001090,yea,
hr2397-113,Y000031,Failed,113,2013-06-17,S000244,yea,
hr2397-113,Y000031,Failed,113,2013-06-17,S000248,yea,
hr2397-113,Y000031,Failed,113,2013-06-17,C000714,yea,
hr2397-113,Y000031,Failed,113,2013-06-17,W000816,yea,
hr2397-113,Y000031,Failed,113,2013-06-17,W000814,yea,
hr2397-113,Y000031,Failed,113,2013-06-17,N000185,yea,
hr2397-113,Y000031,Failed,113,2013-06-17,H000324,yea,
hr2397-113,Y000031,Failed,113,2013-06-17,M000933,yea,
hr2397-113,Y000031,Failed,113,2013-06-17,S000051,yea,
hr2397-113,Y000031,Failed,113,2013-06-17,P000265,yea,
hr2397-113,Y000031,Failed,113,2013-06-17,V000081,yea,
hr2397-113,Y000031,Failed,113,2013-06-17,M001163,yea,
hr2397-113,Y000031,Failed,113,2013-06-17,M001160,yea,
hr2397-113,Y000031,Failed,113,2013-06-17,P000099,yea,
hr2397-113,Y000031,Failed,113,2013-06-17,P000096,yea,
hr2397-113,Y000031,Failed,113,2013-06-17,B001243,yea,
hr2397-113,Y000031,Failed,113,2013-06-17,B001248,yea,
hr2397-113,Y000031,Failed,113,2013-06-17,L000397,yea,
hr2397-113,Y000031,Failed,113,2013-06-17,C001067,yea,
hr2397-113,Y000031,Failed,113,2013-06-17,C001061,yea,
hr2397-113,Y000031,Failed,113,2013-06-17,R000588,yea,
hr2397-113,Y000031,Failed,113,2013-06-17,C001069,yea,
hr2397-113,Y000031,Failed,113,2013-06-17,C001068,yea,
hr2397-113,Y000031,Failed,113,2013-06-17,B000213,yea,
hr2397-113,Y000031,Failed,113,2013-06-17,W000215,yea,
hr2397-113,Y000031,Failed,113,2013-06-17,G000571,yea,
hr2397-113,Y000031,Failed,113,2013-06-17,S001156,yea,
hr2397-113,Y000031,Failed,113,2013-06-17,L000564,yea,
hr2397-113,Y000031,Failed,113,2013-06-17,S001150,yea,
hr2397-113,Y000031,Failed,113,2013-06-17,B000287,yea,
hr2397-113,Y000031,Failed,113,2013-06-17,H000067,yea,
hr2397-113,Y000031,Failed,113,2013-06-17,D000610,yea,
hr2397-113,Y000031,Failed,113,2013-06-17,D000616,yea,
hr2397-113,Y000031,Failed,113,2013-06-17,D000617,yea,
hr2397-113,Y000031,Failed,113,2013-06-17,D000614,yea,
hr2397-113,Y000031,Failed,113,2013-06-17,D000615,yea,
hr2397-113,Y000031,Failed,113,2013-06-17,D000618,yea,
hr2397-113,Y000031,Failed,113,2013-06-17,D000619,yea,
hr2397-113,Y000031,Failed,113,2013-06-17,M000689,yea,
hr2397-113,Y000031,Failed,113,2013-06-17,Y000062,yea,
hr2397-113,Y000031,Failed,113,2013-06-17,Y000063,yea,
hr2397-113,Y000031,Failed,113,2013-06-17,Y000065,yea,
hr2397-113,Y000031,Failed,113,2013-06-17,C000266,yea,
hr2397-113,Y000031,Failed,113,2013-06-17,S000344,yea,
hr2397-113,Y000031,Failed,113,2013-06-17,J000255,yea,
hr2397-113,Y000031,Failed,113,2013-06-17,E000290,yea,
hr2397-113,Y000031,Failed,113,2013-06-17,F000043,yea,
hr2397-113,Y000031,Failed,113,2013-06-17,K000380,yea,
hr2397-113,Y000031,Failed,113,2013-06-17,A000367,yea,
hr2397-113,Y000031,Failed,113,2013-06-17,M001159,yea,
hr2397-113,Y000031,Failed,113,2013-06-17,M001158,yea,
hr2397-113,Y000031,Failed,113,2013-06-17,M001156,yea,
hr2397-113,Y000031,Failed,113,2013-06-17,A000369,yea,
hr2397-113,Y000031,Failed,113,2013-06-17,H001032,yea,
hr2397-113,Y000031,Failed,113,2013-06-17,H001034,yea,
hr2397-113,Y000031,Failed,113,2013-06-17,R000582,yea,
hr2397-113,Y000031,Failed,113,2013-06-17,C001036,yea,
hr2397-113,Y000031,Failed,113,2013-06-17,M000312,yea,
hr2397-113,Y000031,Failed,113,2013-06-17,C001037,yea,
hr2397-113,Y000031,Failed,113,2013-06-17,O000169,yea,
hr2397-113,Y000031,Failed,113,2013-06-17,W000800,yea,
hr2397-113,Y000031,Failed,113,2013-06-17,R000587,yea,
hr2397-113,Y000031,Failed,113,2013-06-17,C001038,yea,
hr2397-113,Y000031,Failed,113,2013-06-17,S001193,yea,
hr2397-113,Y000031,Failed,113,2013-06-17,S001192,yea,
hr2397-113,Y000031,Failed,113,2013-06-17,S001195,yea,
hr2397-113,Y000031,Failed,113,2013-06-17,M000485,nay,
hr2397-113,Y000031,Failed,113,2013-06-17,B000911,nay,
hr2397-113,Y000031,Failed,113,2013-06-17,D000622,nay,
hr2397-113,Y000031,Failed,113,2013-06-17,D000620,nay,
hr2397-113,Y000031,Failed,113,2013-06-17,A000210,nay,
hr2397-113,Y000031,Failed,113,2013-06-17,C001095,nay,
hr2397-113,Y000031,Failed,113,2013-06-17,I000057,nay,
hr2397-113,Y000031,Failed,113,2013-06-17,I000056,nay,
hr2397-113,Y000031,Failed,113,2013-06-17,M001191,nay,
hr2397-113,Y000031,Failed,113,2013-06-17,B001271,nay,
hr2397-113,Y000031,Failed,113,2013-06-17,B001275,nay,
hr2397-113,Y000031,Failed,113,2013-06-17,B001274,nay,
hr2397-113,Y000031,Failed,113,2013-06-17,B001279,nay,
hr2397-113,Y000031,Failed,113,2013-06-17,M001179,nay,
hr2397-113,Y000031,Failed,113,2013-06-17,P000523,nay,
hr2397-113,Y000031,Failed,113,2013-06-17,G000546,nay,
hr2397-113,Y000031,Failed,113,2013-06-17,G000549,nay,
hr2397-113,Y000031,Failed,113,2013-06-17,C000071,nay,
hr2397-113,Y000031,Failed,113,2013-06-17,L000559,nay,
hr2397-113,Y000031,Failed,113,2013-06-17,S001145,nay,
hr2397-113,Y000031,Failed,113,2013-06-17,L000554,nay,
hr2397-113,Y000031,Failed,113,2013-06-17,R000487,nay,
hr2397-113,Y000031,Failed,113,2013-06-17,V000108,nay,
hr2397-113,Y000031,Failed,113,2013-06-17,K000378,nay,
hr2397-113,Y000031,Failed,113,2013-06-17,K000379,nay,
hr2397-113,Y000031,Failed,113,2013-06-17,K000376,nay,
hr2397-113,Y000031,Failed,113,2013-06-17,B001282,nay,
hr2397-113,Y000031,Failed,113,2013-06-17,B001284,nay,
hr2397-113,Y000031,Failed,113,2013-06-17,B001285,nay,
hr2397-113,Y000031,Failed,113,2013-06-17,B001287,nay,
hr2397-113,Y000031,Failed,113,2013-06-17,P000595,nay,
hr2397-113,Y000031,Failed,113,2013-06-17,P000594,nay,
hr2397-113,Y000031,Failed,113,2013-06-17,W000791,nay,
hr2397-113,Y000031,Failed,113,2013-06-17,S000583,nay,
hr2397-113,Y000031,Failed,113,2013-06-17,L000563,nay,
hr2397-113,Y000031,Failed,113,2013-06-17,F000372,nay,
hr2397-113,Y000031,Failed,113,2013-06-17,F000454,nay,
hr2397-113,Y000031,Failed,113,2013-06-17,F000450,nay,
hr2397-113,Y000031,Failed,113,2013-06-17,W000798,nay,
hr2397-113,Y000031,Failed,113,2013-06-17,B000490,nay,
hr2397-113,Y000031,Failed,113,2013-06-17,W000796,nay,
hr2397-113,Y000031,Failed,113,2013-06-17,W000797,nay,
hr2397-113,Y000031,Failed,113,2013-06-17,K000009,nay,
hr2397-113,Y000031,Failed,113,2013-06-17,T000460,nay,
hr2397-113,Y000031,Failed,113,2013-06-17,T000463,nay,
hr2397-113,Y000031,Failed,113,2013-06-17,T000462,nay,
hr2397-113,Y000031,Failed,113,2013-06-17,T000468,nay,
hr2397-113,Y000031,Failed,113,2013-06-17,M001142,nay,
hr2397-113,Y000031,Failed,113,2013-06-17,M001144,nay,
hr2397-113,Y000031,Failed,113,2013-06-17,S000510,nay,
hr2397-113,Y000031,Failed,113,2013-06-17,S001172,nay,
hr2397-113,Y000031,Failed,113,2013-06-17,L000263,nay,
hr2397-113,Y000031,Failed,113,2013-06-17,S001187,nay,
hr2397-113,Y000031,Failed,113,2013-06-17,S001185,nay,
hr2397-113,Y000031,Failed,113,2013-06-17,S001188,nay,
hr2397-113,Y000031,Failed,113,2013-06-17,S001189,nay,
hr2397-113,Y000031,Failed,113,2013-06-17,C001048,nay,
hr2397-113,Y000031,Failed,113,2013-06-17,C001047,nay,
hr2397-113,Y000031,Failed,113,2013-06-17,C001046,nay,
hr2397-113,Y000031,Failed,113,2013-06-17,C001045,nay,
hr2397-113,Y000031,Failed,113,2013-06-17,D000612,nay,
hr2397-113,Y000031,Failed,113,2013-06-17,P000606,nay,
hr2397-113,Y000031,Failed,113,2013-06-17,J000288,nay,
hr2397-113,Y000031,Failed,113,2013-06-17,L000480,nay,
hr2397-113,Y000031,Failed,113,2013-06-17,K000188,nay,
hr2397-113,Y000031,Failed,113,2013-06-17,C001059,nay,
hr2397-113,Y000031,Failed,113,2013-06-17,J000126,nay,
hr2397-113,Y000031,Failed,113,2013-06-17,H000636,nay,
hr2397-113,Y000031,Failed,113,2013-06-17,M001188,nay,
hr2397-113,Y000031,Failed,113,2013-06-17,M001189,nay,
hr2397-113,Y000031,Failed,113,2013-06-17,M001185,nay,
hr2397-113,Y000031,Failed,113,2013-06-17,M001180,nay,
hr2397-113,Y000031,Failed,113,2013-06-17,M001181,nay,
hr2397-113,Y000031,Failed,113,2013-06-17,U000031,nay,
hr2397-113,Y000031,Failed,113,2013-06-17,F000462,nay,
hr2397-113,Y000031,Failed,113,2013-06-17,F000461,nay,
hr2397-113,Y000031,Failed,113,2013-06-17,C001087,nay,
hr2397-113,Y000031,Failed,113,2013-06-17,C001083,nay,
hr2397-113,Y000031,Failed,113,2013-06-17,G000377,nay,
hr2397-113,Y000031,Failed,113,2013-06-17,M001137,nay,
hr2397-113,Y000031,Failed,113,2013-06-17,S000250,nay,
hr2397-113,Y000031,Failed,113,2013-06-17,G000289,nay,
hr2397-113,Y000031,Failed,113,2013-06-17,R000395,nay,
hr2397-113,Y000031,Failed,113,2013-06-17,G000558,nay,
hr2397-113,Y000031,Failed,113,2013-06-17,G000553,nay,
hr2397-113,Y000031,Failed,113,2013-06-17,G000550,nay,
hr2397-113,Y000031,Failed,113,2013-06-17,H001060,nay,
hr2397-113,Y000031,Failed,113,2013-06-17,H001067,nay,
hr2397-113,Y000031,Failed,113,2013-06-17,H001064,nay,
hr2397-113,Y000031,Failed,113,2013-06-17,H001065,nay,
hr2397-113,Y000031,Failed,113,2013-06-17,W000413,nay,
hr2397-113,Y000031,Failed,113,2013-06-17,V000131,nay,
hr2397-113,Y000031,Failed,113,2013-06-17,V000130,nay,
hr2397-113,Y000031,Failed,113,2013-06-17,Y000031,nay,
hr2397-113,Y000031,Failed,113,2013-06-17,B001257,nay,
hr2397-113,Y000031,Failed,113,2013-06-17,B001256,nay,
hr2397-113,Y000031,Failed,113,2013-06-17,B001255,nay,
hr2397-113,Y000031,Failed,113,2013-06-17,B001252,nay,
hr2397-113,Y000031,Failed,113,2013-06-17,B001251,nay,
hr2397-113,Y000031,Failed,113,2013-06-17,L000575,nay,
hr2397-113,Y000031,Failed,113,2013-06-17,Q000023,nay,
hr2397-113,Y000031,Failed,113,2013-06-17,H001053,nay,
hr2397-113,Y000031,Failed,113,2013-06-17,H001051,nay,
hr2397-113,Y000031,Failed,113,2013-06-17,H001050,nay,
hr2397-113,Y000031,Failed,113,2013-06-17,H001055,nay,
hr2397-113,Y000031,Failed,113,2013-06-17,P000601,nay,
hr2397-113,Y000031,Failed,113,2013-06-17,R000591,nay,
hr2397-113,Y000031,Failed,113,2013-06-17,P000602,nay,
hr2397-113,Y000031,Failed,113,2013-06-17,P000604,nay,
hr2397-113,Y000031,Failed,113,2013-06-17,R000594,nay,
hr2397-113,Y000031,Failed,113,2013-06-17,P000608,nay,
hr2397-113,Y000031,Failed,113,2013-06-17,R000599,nay,
hr2397-113,Y000031,Failed,113,2013-06-17,T000238,nay,
hr2397-113,Y000031,Failed,113,2013-06-17,S000364,nay,
hr2397-113,Y000031,Failed,113,2013-06-17,C001051,nay,
hr2397-113,Y000031,Failed,113,2013-06-17,C001053,nay,
hr2397-113,Y000031,Failed,113,2013-06-17,R000435,nay,
hr2397-113,Y000031,Failed,113,2013-06-17,G000563,nay,
hr2397-113,Y000031,Failed,113,2013-06-17,C000059,nay,
hr2397-113,Y000031,Failed,113,2013-06-17,G000569,nay,
hr2397-113,Y000031,Failed,113,2013-06-17,C000754,nay,
hr2397-113,Y000031,Failed,113,2013-06-17,J000295,nay,
hr2397-113,Y000031,Failed,113,2013-06-17,L000576,nay,
hr2397-113,Y000031,Failed,113,2013-06-17,D000604,nay,
hr2397-113,Y000031,Failed,113,2013-06-17,L000491,nay,
hr2397-113,Y000031,Failed,113,2013-06-17,K000210,nay,
hr2397-113,Y000031,Failed,113,2013-06-17,M000508,nay,
hr2397-113,Y000031,Failed,113,2013-06-17,D000600,nay,
hr2397-113,Y000031,Failed,113,2013-06-17,J000032,nay,
hr2397-113,Y000031,Failed,113,2013-06-17,H000874,nay,
hr2397-113,Y000031,Failed,113,2013-06-17,B000589,nay,
hr2397-113,Y000031,Failed,113,2013-06-17,B000755,nay,
hr2397-113,Y000031,Failed,113,2013-06-17,C001094,nay,
hr2397-113,Y000031,Failed,113,2013-06-17,W000672,nay,
hr2397-113,Y000031,Failed,113,2013-06-17,C001091,nay,
hr2397-113,Y000031,Failed,113,2013-06-17,C001092,nay,
hr2397-113,Y000031,Failed,113,2013-06-17,C001093,nay,
hr2397-113,Y000031,Failed,113,2013-06-17,E000179,nay,
hr2397-113,Y000031,Failed,113,2013-06-17,R000570,nay,
hr2397-113,Y000031,Failed,113,2013-06-17,R000572,nay,
hr2397-113,Y000031,Failed,113,2013-06-17,R000575,nay,
hr2397-113,Y000031,Failed,113,2013-06-17,R000577,nay,
hr2397-113,Y000031,Failed,113,2013-06-17,R000576,nay,
hr2397-113,Y000031,Failed,113,2013-06-17,R000578,nay,
hr2397-113,Y000031,Failed,113,2013-06-17,W000813,nay,
hr2397-113,Y000031,Failed,113,2013-06-17,W000812,nay,
hr2397-113,Y000031,Failed,113,2013-06-17,W000810,nay,
hr2397-113,Y000031,Failed,113,2013-06-17,W000815,nay,
hr2397-113,Y000031,Failed,113,2013-06-17,N000181,nay,
hr2397-113,Y000031,Failed,113,2013-06-17,N000182,nay,
hr2397-113,Y000031,Failed,113,2013-06-17,N000184,nay,
hr2397-113,Y000031,Failed,113,2013-06-17,N000186,nay,
hr2397-113,Y000031,Failed,113,2013-06-17,H000329,nay,
hr2397-113,Y000031,Failed,113,2013-06-17,E000291,nay,
hr2397-113,Y000031,Failed,113,2013-06-17,P000373,nay,
hr2397-113,Y000031,Failed,113,2013-06-17,K000381,nay,
hr2397-113,Y000031,Failed,113,2013-06-17,L000111,nay,
hr2397-113,Y000031,Failed,113,2013-06-17,V000128,nay,
hr2397-113,Y000031,Failed,113,2013-06-17,V000129,nay,
hr2397-113,Y000031,Failed,113,2013-06-17,A000055,nay,
hr2397-113,Y000031,Failed,113,2013-06-17,M001166,nay,
hr2397-113,Y000031,Failed,113,2013-06-17,M001165,nay,
hr2397-113,Y000031,Failed,113,2013-06-17,B001244,nay,
hr2397-113,Y000031,Failed,113,2013-06-17,B001242,nay,
hr2397-113,Y000031,Failed,113,2013-06-17,H001048,nay,
hr2397-113,Y000031,Failed,113,2013-06-17,H001045,nay,
hr2397-113,Y000031,Failed,113,2013-06-17,H001047,nay,
hr2397-113,Y000031,Failed,113,2013-06-17,R000580,nay,
hr2397-113,Y000031,Failed,113,2013-06-17,C001066,nay,
hr2397-113,Y000031,Failed,113,2013-06-17,R000585,nay,
hr2397-113,Y000031,Failed,113,2013-06-17,C001063,nay,
hr2397-113,Y000031,Failed,113,2013-06-17,C001062,nay,
hr2397-113,Y000031,Failed,113,2013-06-17,R000589,nay,
hr2397-113,Y000031,Failed,113,2013-06-17,P000258,nay,
hr2397-113,Y000031,Failed,113,2013-06-17,G000572,nay,
hr2397-113,Y000031,Failed,113,2013-06-17,G000573,nay,
hr2397-113,Y000031,Failed,113,2013-06-17,L000560,nay,
hr2397-113,Y000031,Failed,113,2013-06-17,S001154,nay,
hr2397-113,Y000031,Failed,113,2013-06-17,S001157,nay,
hr2397-113,Y000031,Failed,113,2013-06-17,L000566,nay,
hr2397-113,Y000031,Failed,113,2013-06-17,L000567,nay,
hr2397-113,Y000031,Failed,113,2013-06-17,L000569,nay,
hr2397-113,Y000031,Failed,113,2013-06-17,K000368,nay,
hr2397-113,Y000031,Failed,113,2013-06-17,K000363,nay,
hr2397-113,Y000031,Failed,113,2013-06-17,K000362,nay,
hr2397-113,Y000031,Failed,113,2013-06-17,S000480,nay,
hr2397-113,Y000031,Failed,113,2013-06-17,D000598,nay,
hr2397-113,Y000031,Failed,113,2013-06-17,Y000064,nay,
hr2397-113,Y000031,Failed,113,2013-06-17,S001148,nay,
hr2397-113,Y000031,Failed,113,2013-06-17,P000197,nay,
hr2397-113,Y000031,Failed,113,2013-06-17,F000445,nay,
hr2397-113,Y000031,Failed,113,2013-06-17,F000449,nay,
hr2397-113,Y000031,Failed,113,2013-06-17,F000448,nay,
hr2397-113,Y000031,Failed,113,2013-06-17,S001162,nay,
hr2397-113,Y000031,Failed,113,2013-06-17,E000293,nay,
hr2397-113,Y000031,Failed,113,2013-06-17,E000292,nay,
hr2397-113,Y000031,Failed,113,2013-06-17,K000385,nay,
hr2397-113,Y000031,Failed,113,2013-06-17,K000382,nay,
hr2397-113,Y000031,Failed,113,2013-06-17,T000459,nay,
hr2397-113,Y000031,Failed,113,2013-06-17,A000361,nay,
hr2397-113,Y000031,Failed,113,2013-06-17,M001151,nay,
hr2397-113,Y000031,Failed,113,2013-06-17,M001150,nay,
hr2397-113,Y000031,Failed,113,2013-06-17,M001157,nay,
hr2397-113,Y000031,Failed,113,2013-06-17,H001036,nay,
hr2397-113,Y000031,Failed,113,2013-06-17,H001038,nay,
hr2397-113,Y000031,Failed,113,2013-06-17,R000583,nay,
hr2397-113,Y000031,Failed,113,2013-06-17,O000168,nay,
hr2397-113,Y000031,Failed,113,2013-06-17,G000535,nay,
hr2397-113,Y000031,Failed,113,2013-06-17,W000804,nay,
hr2397-113,Y000031,Failed,113,2013-06-17,R000586,nay,
hr2397-113,Y000031,Failed,113,2013-06-17,W000806,nay,
hr2397-113,Y000031,Failed,113,2013-06-17,J000174,nay,
hr2397-113,Y000031,Failed,113,2013-06-17,W000808,nay,
hr2397-113,Y000031,Failed,113,2013-06-17,W000809,nay,
hr2397-113,Y000031,Failed,113,2013-06-17,S001165,nay,
hr2397-113,Y000031,Failed,113,2013-06-17,S001191,nay,
hr2397-113,Y000031,Failed,113,2013-06-17,S001190,nay,
hres198-113,F000450,Passed,113,2013-05-06,P000594,yea,
hres198-113,F000450,Passed,113,2013-05-06,D000621,yea,
hres198-113,F000450,Passed,113,2013-05-06,C001095,yea,
hres198-113,F000450,Passed,113,2013-05-06,I000056,yea,
hres198-113,F000450,Passed,113,2013-05-06,D000533,yea,
hres198-113,F000450,Passed,113,2013-05-06,M001190,yea,
hres198-113,F000450,Passed,113,2013-05-06,B001271,yea,
hres198-113,F000450,Passed,113,2013-05-06,B001273,yea,
hres198-113,F000450,Passed,113,2013-05-06,B001275,yea,
hres198-113,F000450,Passed,113,2013-05-06,B001274,yea,
hres198-113,F000450,Passed,113,2013-05-06,M001177,yea,
hres198-113,F000450,Passed,113,2013-05-06,C001076,yea,
hres198-113,F000450,Passed,113,2013-05-06,C001077,yea,
hres198-113,F000450,Passed,113,2013-05-06,C001075,yea,
hres198-113,F000450,Passed,113,2013-05-06,M001179,yea,
hres198-113,F000450,Passed,113,2013-05-06,G000546,yea,
hres198-113,F000450,Passed,113,2013-05-06,G000549,yea,
hres198-113,F000450,Passed,113,2013-05-06,G000548,yea,
hres198-113,F000450,Passed,113,2013-05-06,C000071,yea,
hres198-113,F000450,Passed,113,2013-05-06,L000554,yea,
hres198-113,F000450,Passed,113,2013-05-06,R000487,yea,
hres198-113,F000450,Passed,113,2013-05-06,K000378,yea,
hres198-113,F000450,Passed,113,2013-05-06,K000376,yea,
hres198-113,F000450,Passed,113,2013-05-06,B001280,yea,
hres198-113,F000450,Passed,113,2013-05-06,B001282,yea,
hres198-113,F000450,Passed,113,2013-05-06,B001283,yea,
hres198-113,F000450,Passed,113,2013-05-06,B001284,yea,
hres198-113,F000450,Passed,113,2013-05-06,P000591,yea,
hres198-113,F000450,Passed,113,2013-05-06,P000592,yea,
hres198-113,F000450,Passed,113,2013-05-06,P000599,yea,
hres198-113,F000450,Passed,113,2013-05-06,W000791,yea,
hres198-113,F000450,Passed,113,2013-05-06,S000583,yea,
hres198-113,F000450,Passed,113,2013-05-06,F000372,yea,
hres198-113,F000450,Passed,113,2013-05-06,F000458,yea,
hres198-113,F000450,Passed,113,2013-05-06,F000459,yea,
hres198-113,F000450,Passed,113,2013-05-06,F000456,yea,
hres198-113,F000450,Passed,113,2013-05-06,F000450,yea,
hres198-113,F000450,Passed,113,2013-05-06,F000451,yea,
hres198-113,F000450,Passed,113,2013-05-06,W000798,yea,
hres198-113,F000450,Passed,113,2013-05-06,W000795,yea,
hres198-113,F000450,Passed,113,2013-05-06,T000467,yea,
hres198-113,F000450,Passed,113,2013-05-06,T000463,yea,
hres198-113,F000450,Passed,113,2013-05-06,T000462,yea,
hres198-113,F000450,Passed,113,2013-05-06,M001144,yea,
hres198-113,F000450,Passed,113,2013-05-06,S001179,yea,
hres198-113,F000450,Passed,113,2013-05-06,S001172,yea,
hres198-113,F000450,Passed,113,2013-05-06,S001176,yea,
hres198-113,F000450,Passed,113,2013-05-06,S001187,yea,
hres198-113,F000450,Passed,113,2013-05-06,S001183,yea,
hres198-113,F000450,Passed,113,2013-05-06,S001188,yea,
hres198-113,F000450,Passed,113,2013-05-06,S001189,yea,
hres198-113,F000450,Passed,113,2013-05-06,B000013,yea,
hres198-113,F000450,Passed,113,2013-05-06,C001048,yea,
hres198-113,F000450,Passed,113,2013-05-06,C001047,yea,
hres198-113,F000450,Passed,113,2013-05-06,C001046,yea,
hres198-113,F000450,Passed,113,2013-05-06,C001045,yea,
hres198-113,F000450,Passed,113,2013-05-06,R000593,yea,
hres198-113,F000450,Passed,113,2013-05-06,R000597,yea,
hres198-113,F000450,Passed,113,2013-05-06,R000596,yea,
hres198-113,F000450,Passed,113,2013-05-06,D000612,yea,
hres198-113,F000450,Passed,113,2013-05-06,P000606,yea,
hres198-113,F000450,Passed,113,2013-05-06,J000289,yea,
hres198-113,F000450,Passed,113,2013-05-06,K000220,yea,
hres198-113,F000450,Passed,113,2013-05-06,C000556,yea,
hres198-113,F000450,Passed,113,2013-05-06,M001189,yea,
hres198-113,F000450,Passed,113,2013-05-06,M001184,yea,
hres198-113,F000450,Passed,113,2013-05-06,M001187,yea,
hres198-113,F000450,Passed,113,2013-05-06,M001180,yea,
hres198-113,F000450,Passed,113,2013-05-06,M001181,yea,
hres198-113,F000450,Passed,113,2013-05-06,M001182,yea,
hres198-113,F000450,Passed,113,2013-05-06,B001269,yea,
hres198-113,F000450,Passed,113,2013-05-06,B001262,yea,
hres198-113,F000450,Passed,113,2013-05-06,B001260,yea,
hres198-113,F000450,Passed,113,2013-05-06,U000031,yea,
hres198-113,F000450,Passed,113,2013-05-06,F000461,yea,
hres198-113,F000450,Passed,113,2013-05-06,F000460,yea,
hres198-113,F000450,Passed,113,2013-05-06,C001087,yea,
hres198-113,F000450,Passed,113,2013-05-06,G000377,yea,
hres198-113,F000450,Passed,113,2013-05-06,S000522,yea,
hres198-113,F000450,Passed,113,2013-05-06,M001139,yea,
hres198-113,F000450,Passed,113,2013-05-06,S000250,yea,
hres198-113,F000450,Passed,113,2013-05-06,G000289,yea,
hres198-113,F000450,Passed,113,2013-05-06,R000395,yea,
hres198-113,F000450,Passed,113,2013-05-06,G000558,yea,
hres198-113,F000450,Passed,113,2013-05-06,G000552,yea,
hres198-113,F000450,Passed,113,2013-05-06,G000550,yea,
hres198-113,F000450,Passed,113,2013-05-06,H001060,yea,
hres198-113,F000450,Passed,113,2013-05-06,H001067,yea,
hres198-113,F000450,Passed,113,2013-05-06,H001065,yea,
hres198-113,F000450,Passed,113,2013-05-06,P000588,yea,
hres198-113,F000450,Passed,113,2013-05-06,W000413,yea,
hres198-113,F000450,Passed,113,2013-05-06,S000937,yea,
hres198-113,F000450,Passed,113,2013-05-06,L000573,yea,
hres198-113,F000450,Passed,113,2013-05-06,T000470,yea,
hres198-113,F000450,Passed,113,2013-05-06,Y000033,yea,
hres198-113,F000450,Passed,113,2013-05-06,B001257,yea,
hres198-113,F000450,Passed,113,2013-05-06,B001256,yea,
hres198-113,F000450,Passed,113,2013-05-06,B001255,yea,
hres198-113,F000450,Passed,113,2013-05-06,B001250,yea,
hres198-113,F000450,Passed,113,2013-05-06,H001059,yea,
hres198-113,F000450,Passed,113,2013-05-06,H001058,yea,
hres198-113,F000450,Passed,113,2013-05-06,L000575,yea,
hres198-113,F000450,Passed,113,2013-05-06,H001053,yea,
hres198-113,F000450,Passed,113,2013-05-06,H001052,yea,
hres198-113,F000450,Passed,113,2013-05-06,H001051,yea,
hres198-113,F000450,Passed,113,2013-05-06,H001057,yea,
hres198-113,F000450,Passed,113,2013-05-06,H001056,yea,
hres198-113,F000450,Passed,113,2013-05-06,H001055,yea,
hres198-113,F000450,Passed,113,2013-05-06,P000601,yea,
hres198-113,F000450,Passed,113,2013-05-06,R000592,yea,
hres198-113,F000450,Passed,113,2013-05-06,R000591,yea,
hres198-113,F000450,Passed,113,2013-05-06,P000602,yea,
hres198-113,F000450,Passed,113,2013-05-06,P000605,yea,
hres198-113,F000450,Passed,113,2013-05-06,R000594,yea,
hres198-113,F000450,Passed,113,2013-05-06,R000598,yea,
hres198-113,F000450,Passed,113,2013-05-06,T000238,yea,
hres198-113,F000450,Passed,113,2013-05-06,S000364,yea,
hres198-113,F000450,Passed,113,2013-05-06,C001051,yea,
hres198-113,F000450,Passed,113,2013-05-06,C001053,yea,
hres198-113,F000450,Passed,113,2013-05-06,R000435,yea,
hres198-113,F000450,Passed,113,2013-05-06,G000567,yea,
hres198-113,F000450,Passed,113,2013-05-06,G000566,yea,
hres198-113,F000450,Passed,113,2013-05-06,G000565,yea,
hres198-113,F000450,Passed,113,2013-05-06,G000564,yea,
hres198-113,F000450,Passed,113,2013-05-06,G000563,yea,
hres198-113,F000450,Passed,113,2013-05-06,G000562,yea,
hres198-113,F000450,Passed,113,2013-05-06,G000560,yea,
hres198-113,F000450,Passed,113,2013-05-06,C000059,yea,
hres198-113,F000450,Passed,113,2013-05-06,G000569,yea,
hres198-113,F000450,Passed,113,2013-05-06,G000568,yea,
hres198-113,F000450,Passed,113,2013-05-06,J000295,yea,
hres198-113,F000450,Passed,113,2013-05-06,L000571,yea,
hres198-113,F000450,Passed,113,2013-05-06,J000290,yea,
hres198-113,F000450,Passed,113,2013-05-06,L000576,yea,
hres198-113,F000450,Passed,113,2013-05-06,J000292,yea,
hres198-113,F000450,Passed,113,2013-05-06,L000578,yea,
hres198-113,F000450,Passed,113,2013-05-06,S001186,yea,
hres198-113,F000450,Passed,113,2013-05-06,D000604,yea,
hres198-113,F000450,Passed,113,2013-05-06,L000491,yea,
hres198-113,F000450,Passed,113,2013-05-06,K000210,yea,
hres198-113,F000450,Passed,113,2013-05-06,M000508,yea,
hres198-113,F000450,Passed,113,2013-05-06,D000600,yea,
hres198-113,F000450,Passed,113,2013-05-06,S000018,yea,
hres198-113,F000450,Passed,113,2013-05-06,B000755,yea,
hres198-113,F000450,Passed,113,2013-05-06,C001094,yea,
hres198-113,F000450,Passed,113,2013-05-06,W000672,yea,
hres198-113,F000450,Passed,113,2013-05-06,C001096,yea,
hres198-113,F000450,Passed,113,2013-05-06,C001092,yea,
hres198-113,F000450,Passed,113,2013-05-06,C001093,yea,
hres198-113,F000450,Passed,113,2013-05-06,S000244,yea,
hres198-113,F000450,Passed,113,2013-05-06,R000570,yea,
hres198-113,F000450,Passed,113,2013-05-06,R000572,yea,
hres198-113,F000450,Passed,113,2013-05-06,R000575,yea,
hres198-113,F000450,Passed,113,2013-05-06,R000578,yea,
hres198-113,F000450,Passed,113,2013-05-06,W000813,yea,
hres198-113,F000450,Passed,113,2013-05-06,W000812,yea,
hres198-113,F000450,Passed,113,2013-05-06,W000810,yea,
hres198-113,F000450,Passed,113,2013-05-06,W000816,yea,
hres198-113,F000450,Passed,113,2013-05-06,W000815,yea,
hres198-113,F000450,Passed,113,2013-05-06,W000814,yea,
hres198-113,F000450,Passed,113,2013-05-06,N000181,yea,
hres198-113,F000450,Passed,113,2013-05-06,N000182,yea,
hres198-113,F000450,Passed,113,2013-05-06,N000184,yea,
hres198-113,F000450,Passed,113,2013-05-06,N000185,yea,
hres198-113,F000450,Passed,113,2013-05-06,N000186,yea,
hres198-113,F000450,Passed,113,2013-05-06,H000329,yea,
hres198-113,F000450,Passed,113,2013-05-06,E000291,yea,
hres198-113,F000450,Passed,113,2013-05-06,P000373,yea,
hres198-113,F000450,Passed,113,2013-05-06,L000111,yea,
hres198-113,F000450,Passed,113,2013-05-06,P000265,yea,
hres198-113,F000450,Passed,113,2013-05-06,V000129,yea,
hres198-113,F000450,Passed,113,2013-05-06,A000055,yea,
hres198-113,F000450,Passed,113,2013-05-06,M001165,yea,
hres198-113,F000450,Passed,113,2013-05-06,B001244,yea,
hres198-113,F000450,Passed,113,2013-05-06,B001243,yea,
hres198-113,F000450,Passed,113,2013-05-06,B001248,yea,
hres198-113,F000450,Passed,113,2013-05-06,H001048,yea,
hres198-113,F000450,Passed,113,2013-05-06,H001045,yea,
hres198-113,F000450,Passed,113,2013-05-06,R000580,yea,
hres198-113,F000450,Passed,113,2013-05-06,C001064,yea,
hres198-113,F000450,Passed,113,2013-05-06,R000585,yea,
hres198-113,F000450,Passed,113,2013-05-06,C001062,yea,
hres198-113,F000450,Passed,113,2013-05-06,R000589,yea,
hres198-113,F000450,Passed,113,2013-05-06,B000213,yea,
hres198-113,F000450,Passed,113,2013-05-06,S001154,yea,
hres198-113,F000450,Passed,113,2013-05-06,L000564,yea,
hres198-113,F000450,Passed,113,2013-05-06,L000566,yea,
hres198-113,F000450,Passed,113,2013-05-06,L000567,yea,
hres198-113,F000450,Passed,113,2013-05-06,L000569,yea,
hres198-113,F000450,Passed,113,2013-05-06,H000067,yea,
hres198-113,F000450,Passed,113,2013-05-06,K000363,yea,
hres198-113,F000450,Passed,113,2013-05-06,K000362,yea,
hres198-113,F000450,Passed,113,2013-05-06,D000616,yea,
hres198-113,F000450,Passed,113,2013-05-06,D000614,yea,
hres198-113,F000450,Passed,113,2013-05-06,D000615,yea,
hres198-113,F000450,Passed,113,2013-05-06,D000618,yea,
hres198-113,F000450,Passed,113,2013-05-06,D000619,yea,
hres198-113,F000450,Passed,113,2013-05-06,M000689,yea,
hres198-113,F000450,Passed,113,2013-05-06,Y000063,yea,
hres198-113,F000450,Passed,113,2013-05-06,Y000064,yea,
hres198-113,F000450,Passed,113,2013-05-06,Y000065,yea,
hres198-113,F000450,Passed,113,2013-05-06,S001148,yea,
hres198-113,F000450,Passed,113,2013-05-06,C000266,yea,
hres198-113,F000450,Passed,113,2013-05-06,F000445,yea,
hres198-113,F000450,Passed,113,2013-05-06,F000449,yea,
hres198-113,F000450,Passed,113,2013-05-06,F000448,yea,
hres198-113,F000450,Passed,113,2013-05-06,J000255,yea,
hres198-113,F000450,Passed,113,2013-05-06,A000367,yea,
hres198-113,F000450,Passed,113,2013-05-06,T000459,yea,
hres198-113,F000450,Passed,113,2013-05-06,M001159,yea,
hres198-113,F000450,Passed,113,2013-05-06,M001158,yea,
hres198-113,F000450,Passed,113,2013-05-06,A000361,yea,
hres198-113,F000450,Passed,113,2013-05-06,M001151,yea,
hres198-113,F000450,Passed,113,2013-05-06,M001150,yea,
hres198-113,F000450,Passed,113,2013-05-06,M001157,yea,
hres198-113,F000450,Passed,113,2013-05-06,M001156,yea,
hres198-113,F000450,Passed,113,2013-05-06,A000369,yea,
hres198-113,F000450,Passed,113,2013-05-06,H001036,yea,
hres198-113,F000450,Passed,113,2013-05-06,R000582,yea,
hres198-113,F000450,Passed,113,2013-05-06,R000583,yea,
hres198-113,F000450,Passed,113,2013-05-06,O000168,yea,
hres198-113,F000450,Passed,113,2013-05-06,W000804,yea,
hres198-113,F000450,Passed,113,2013-05-06,R000586,yea,
hres198-113,F000450,Passed,113,2013-05-06,W000806,yea,
hres198-113,F000450,Passed,113,2013-05-06,J000174,yea,
hres198-113,F000450,Passed,113,2013-05-06,W000809,yea,
hres198-113,F000450,Passed,113,2013-05-06,R000587,yea,
hres198-113,F000450,Passed,113,2013-05-06,S001192,yea,
hres198-113,F000450,Passed,113,2013-05-06,M000485,nay,
hres198-113,F000450,Passed,113,2013-05-06,L000580,nay,
hres198-113,F000450,Passed,113,2013-05-06,B000911,nay,
hres198-113,F000450,Passed,113,2013-05-06,D000096,nay,
hres198-113,F000450,Passed,113,2013-05-06,D000399,nay,
hres198-113,F000450,Passed,113,2013-05-06,W000187,nay,
hres198-113,F000450,Passed,113,2013-05-06,D000622,nay,
hres198-113,F000450,Passed,113,2013-05-06,D000620,nay,
hres198-113,F000450,Passed,113,2013-05-06,A000210,nay,
hres198-113,F000450,Passed,113,2013-05-06,I000057,nay,
hres198-113,F000450,Passed,113,2013-05-06,M001191,nay,
hres198-113,F000450,Passed,113,2013-05-06,B001270,nay,
hres198-113,F000450,Passed,113,2013-05-06,B001279,nay,
hres198-113,F000450,Passed,113,2013-05-06,B001278,nay,
hres198-113,F000450,Passed,113,2013-05-06,N000179,nay,
hres198-113,F000450,Passed,113,2013-05-06,C001072,nay,
hres198-113,F000450,Passed,113,2013-05-06,C001078,nay,
hres198-113,F000450,Passed,113,2013-05-06,P000034,nay,
hres198-113,F000450,Passed,113,2013-05-06,W000207,nay,
hres198-113,F000450,Passed,113,2013-05-06,D000197,nay,
hres198-113,F000450,Passed,113,2013-05-06,P000523,nay,
hres198-113,F000450,Passed,113,2013-05-06,D000191,nay,
hres198-113,F000450,Passed,113,2013-05-06,L000559,nay,
hres198-113,F000450,Passed,113,2013-05-06,S001145,nay,
hres198-113,F000450,Passed,113,2013-05-06,L000557,nay,
hres198-113,F000450,Passed,113,2013-05-06,L000551,nay,
hres198-113,F000450,Passed,113,2013-05-06,R000486,nay,
hres198-113,F000450,Passed,113,2013-05-06,V000108,nay,
hres198-113,F000450,Passed,113,2013-05-06,K000379,nay,
hres198-113,F000450,Passed,113,2013-05-06,K000375,nay,
hres198-113,F000450,Passed,113,2013-05-06,B001281,nay,
hres198-113,F000450,Passed,113,2013-05-06,B001285,nay,
hres198-113,F000450,Passed,113,2013-05-06,B001286,nay,
hres198-113,F000450,Passed,113,2013-05-06,B001287,nay,
hres198-113,F000450,Passed,113,2013-05-06,P000595,nay,
hres198-113,F000450,Passed,113,2013-05-06,P000597,nay,
hres198-113,F000450,Passed,113,2013-05-06,P000593,nay,
hres198-113,F000450,Passed,113,2013-05-06,P000598,nay,
hres198-113,F000450,Passed,113,2013-05-06,N000015,nay,
hres198-113,F000450,Passed,113,2013-05-06,L000562,nay,
hres198-113,F000450,Passed,113,2013-05-06,L000563,nay,
hres198-113,F000450,Passed,113,2013-05-06,S000030,nay,
hres198-113,F000450,Passed,113,2013-05-06,L000565,nay,
hres198-113,F000450,Passed,113,2013-05-06,M000309,nay,
hres198-113,F000450,Passed,113,2013-05-06,F000454,nay,
hres198-113,F000450,Passed,113,2013-05-06,F000455,nay,
hres198-113,F000450,Passed,113,2013-05-06,W000799,nay,
hres198-113,F000450,Passed,113,2013-05-06,B000490,nay,
hres198-113,F000450,Passed,113,2013-05-06,W000797,nay,
hres198-113,F000450,Passed,113,2013-05-06,K000009,nay,
hres198-113,F000450,Passed,113,2013-05-06,T000465,nay,
hres198-113,F000450,Passed,113,2013-05-06,T000460,nay,
hres198-113,F000450,Passed,113,2013-05-06,E000288,nay,
hres198-113,F000450,Passed,113,2013-05-06,T000469,nay,
hres198-113,F000450,Passed,113,2013-05-06,T000468,nay,
hres198-113,F000450,Passed,113,2013-05-06,M001149,nay,
hres198-113,F000450,Passed,113,2013-05-06,M001142,nay,
hres198-113,F000450,Passed,113,2013-05-06,M001143,nay,
hres198-113,F000450,Passed,113,2013-05-06,S000510,nay,
hres198-113,F000450,Passed,113,2013-05-06,S001170,nay,
hres198-113,F000450,Passed,113,2013-05-06,R000515,nay,
hres198-113,F000450,Passed,113,2013-05-06,O000170,nay,
hres198-113,F000450,Passed,113,2013-05-06,N000002,nay,
hres198-113,F000450,Passed,113,2013-05-06,M000087,nay,
hres198-113,F000450,Passed,113,2013-05-06,L000263,nay,
hres198-113,F000450,Passed,113,2013-05-06,S001185,nay,
hres198-113,F000450,Passed,113,2013-05-06,S001180,nay,
hres198-113,F000450,Passed,113,2013-05-06,C001049,nay,
hres198-113,F000450,Passed,113,2013-05-06,R000053,nay,
hres198-113,F000450,Passed,113,2013-05-06,M000404,nay,
hres198-113,F000450,Passed,113,2013-05-06,J000288,nay,
hres198-113,F000450,Passed,113,2013-05-06,L000480,nay,
hres198-113,F000450,Passed,113,2013-05-06,K000188,nay,
hres198-113,F000450,Passed,113,2013-05-06,C001059,nay,
hres198-113,F000450,Passed,113,2013-05-06,J000126,nay,
hres198-113,F000450,Passed,113,2013-05-06,H000636,nay,
hres198-113,F000450,Passed,113,2013-05-06,M001188,nay,
hres198-113,F000450,Passed,113,2013-05-06,M001185,nay,
hres198-113,F000450,Passed,113,2013-05-06,F000462,nay,
hres198-113,F000450,Passed,113,2013-05-06,C001084,nay,
hres198-113,F000450,Passed,113,2013-05-06,C001083,nay,
hres198-113,F000450,Passed,113,2013-05-06,T000266,nay,
hres198-113,F000450,Passed,113,2013-05-06,C001080,nay,
hres198-113,F000450,Passed,113,2013-05-06,M001137,nay,
hres198-113,F000450,Passed,113,2013-05-06,L000287,nay,
hres198-113,F000450,Passed,113,2013-05-06,G000559,nay,
hres198-113,F000450,Passed,113,2013-05-06,G000556,nay,
hres198-113,F000450,Passed,113,2013-05-06,G000553,nay,
hres198-113,F000450,Passed,113,2013-05-06,G000551,nay,
hres198-113,F000450,Passed,113,2013-05-06,M000725,nay,
hres198-113,F000450,Passed,113,2013-05-06,H001063,nay,
hres198-113,F000450,Passed,113,2013-05-06,H001066,nay,
hres198-113,F000450,Passed,113,2013-05-06,H001064,nay,
hres198-113,F000450,Passed,113,2013-05-06,H001068,nay,
hres198-113,F000450,Passed,113,2013-05-06,C000984,nay,
hres198-113,F000450,Passed,113,2013-05-06,R000011,nay,
hres198-113,F000450,Passed,113,2013-05-06,T000193,nay,
hres198-113,F000450,Passed,113,2013-05-06,D000482,nay,
hres198-113,F000450,Passed,113,2013-05-06,B001227,nay,
hres198-113,F000450,Passed,113,2013-05-06,S000185,nay,
hres198-113,F000450,Passed,113,2013-05-06,V000131,nay,
hres198-113,F000450,Passed,113,2013-05-06,V000130,nay,
hres198-113,F000450,Passed,113,2013-05-06,V000132,nay,
hres198-113,F000450,Passed,113,2013-05-06,N000127,nay,
hres198-113,F000450,Passed,113,2013-05-06,T000472,nay,
hres198-113,F000450,Passed,113,2013-05-06,M001171,nay,
hres198-113,F000450,Passed,113,2013-05-06,B001252,nay,
hres198-113,F000450,Passed,113,2013-05-06,B001251,nay,
hres198-113,F000450,Passed,113,2013-05-06,B001259,nay,
hres198-113,F000450,Passed,113,2013-05-06,S001168,nay,
hres198-113,F000450,Passed,113,2013-05-06,Q000023,nay,
hres198-113,F000450,Passed,113,2013-05-06,H001050,nay,
hres198-113,F000450,Passed,113,2013-05-06,S001175,nay,
hres198-113,F000450,Passed,113,2013-05-06,P000604,nay,
hres198-113,F000450,Passed,113,2013-05-06,P000607,nay,
hres198-113,F000450,Passed,113,2013-05-06,P000608,nay,
hres198-113,F000450,Passed,113,2013-05-06,R000599,nay,
hres198-113,F000450,Passed,113,2013-05-06,F000030,nay,
hres198-113,F000450,Passed,113,2013-05-06,B000574,nay,
hres198-113,F000450,Passed,113,2013-05-06,C000754,nay,
hres198-113,F000450,Passed,113,2013-05-06,J000294,nay,
hres198-113,F000450,Passed,113,2013-05-06,L000570,nay,
hres198-113,F000450,Passed,113,2013-05-06,L000579,nay,
hres198-113,F000450,Passed,113,2013-05-06,D000355,nay,
hres198-113,F000450,Passed,113,2013-05-06,D000216,nay,
hres198-113,F000450,Passed,113,2013-05-06,J000032,nay,
hres198-113,F000450,Passed,113,2013-05-06,H000874,nay,
hres198-113,F000450,Passed,113,2013-05-06,E000215,nay,
hres198-113,F000450,Passed,113,2013-05-06,G000410,nay,
hres198-113,F000450,Passed,113,2013-05-06,C000537,nay,
hres198-113,F000450,Passed,113,2013-05-06,C001097,nay,
hres198-113,F000450,Passed,113,2013-05-06,C001090,nay,
hres198-113,F000450,Passed,113,2013-05-06,C001091,nay,
hres198-113,F000450,Passed,113,2013-05-06,S000248,nay,
hres198-113,F000450,Passed,113,2013-05-06,E000179,nay,
hres198-113,F000450,Passed,113,2013-05-06,R000577,nay,
hres198-113,F000450,Passed,113,2013-05-06,R000576,nay,
hres198-113,F000450,Passed,113,2013-05-06,C000714,nay,
hres198-113,F000450,Passed,113,2013-05-06,N000187,nay,
hres198-113,F000450,Passed,113,2013-05-06,K000381,nay,
hres198-113,F000450,Passed,113,2013-05-06,M000933,nay,
hres198-113,F000450,Passed,113,2013-05-06,V000081,nay,
hres198-113,F000450,Passed,113,2013-05-06,V000128,nay,
hres198-113,F000450,Passed,113,2013-05-06,M001163,nay,
hres198-113,F000450,Passed,113,2013-05-06,M001160,nay,
hres198-113,F000450,Passed,113,2013-05-06,M001166,nay,
hres198-113,F000450,Passed,113,2013-05-06,P000099,nay,
hres198-113,F000450,Passed,113,2013-05-06,P000096,nay,
hres198-113,F000450,Passed,113,2013-05-06,B001242,nay,
hres198-113,F000450,Passed,113,2013-05-06,L000397,nay,
hres198-113,F000450,Passed,113,2013-05-06,H001047,nay,
hres198-113,F000450,Passed,113,2013-05-06,C001067,nay,
hres198-113,F000450,Passed,113,2013-05-06,C001066,nay,
hres198-113,F000450,Passed,113,2013-05-06,C001061,nay,
hres198-113,F000450,Passed,113,2013-05-06,C001063,nay,
hres198-113,F000450,Passed,113,2013-05-06,R000588,nay,
hres198-113,F000450,Passed,113,2013-05-06,C001069,nay,
hres198-113,F000450,Passed,113,2013-05-06,C001068,nay,
hres198-113,F000450,Passed,113,2013-05-06,P000258,nay,
hres198-113,F000450,Passed,113,2013-05-06,W000215,nay,
hres198-113,F000450,Passed,113,2013-05-06,G000571,nay,
hres198-113,F000450,Passed,113,2013-05-06,G000572,nay,
hres198-113,F000450,Passed,113,2013-05-06,G000573,nay,
hres198-113,F000450,Passed,113,2013-05-06,L000560,nay,
hres198-113,F000450,Passed,113,2013-05-06,S001157,nay,
hres198-113,F000450,Passed,113,2013-05-06,S001156,nay,
hres198-113,F000450,Passed,113,2013-05-06,S001150,nay,
hres198-113,F000450,Passed,113,2013-05-06,B000287,nay,
hres198-113,F000450,Passed,113,2013-05-06,K000368,nay,
hres198-113,F000450,Passed,113,2013-05-06,S000480,nay,
hres198-113,F000450,Passed,113,2013-05-06,D000598,nay,
hres198-113,F000450,Passed,113,2013-05-06,D000610,nay,
hres198-113,F000450,Passed,113,2013-05-06,D000617,nay,
hres198-113,F000450,Passed,113,2013-05-06,Y000062,nay,
hres198-113,F000450,Passed,113,2013-05-06,P000197,nay,
hres198-113,F000450,Passed,113,2013-05-06,S000344,nay,
hres198-113,F000450,Passed,113,2013-05-06,S001162,nay,
hres198-113,F000450,Passed,113,2013-05-06,E000293,nay,
hres198-113,F000450,Passed,113,2013-05-06,E000292,nay,
hres198-113,F000450,Passed,113,2013-05-06,K000385,nay,
hres198-113,F000450,Passed,113,2013-05-06,E000290,nay,
hres198-113,F000450,Passed,113,2013-05-06,K000382,nay,
hres198-113,F000450,Passed,113,2013-05-06,F000043,nay,
hres198-113,F000450,Passed,113,2013-05-06,K000380,nay,
hres198-113,F000450,Passed,113,2013-05-06,H001032,nay,
hres198-113,F000450,Passed,113,2013-05-06,H001034,nay,
hres198-113,F000450,Passed,113,2013-05-06,H001038,nay,
hres198-113,F000450,Passed,113,2013-05-06,C001036,nay,
hres198-113,F000450,Passed,113,2013-05-06,M000312,nay,
hres198-113,F000450,Passed,113,2013-05-06,C001037,nay,
hres198-113,F000450,Passed,113,2013-05-06,O000169,nay,
hres198-113,F000450,Passed,113,2013-05-06,G000535,nay,
hres198-113,F000450,Passed,113,2013-05-06,W000800,nay,
hres198-113,F000450,Passed,113,2013-05-06,W000808,nay,
hres198-113,F000450,Passed,113,2013-05-06,S001165,nay,
hres198-113,F000450,Passed,113,2013-05-06,C001038,nay,
hres198-113,F000450,Passed,113,2013-05-06,S001191,nay,
hres198-113,F000450,Passed,113,2013-05-06,S001190,nay,
hres198-113,F000450,Passed,113,2013-05-06,S001193,nay,
